year,tourney,round,opponent,Unret%,<=3 W%,overall: RiP W%,1st: RiP W%,overall: SvImpact,1st: Unret%,1st: <=3 W%,1st: SvImpact,D Wide%,A Wide%,BP Wide%,2nd: Unret%,2nd: <=3 W%,2nd: RiP W%,2ndAgg,surface_clay,surface_grass,surface_hard,result_W
2021,Wimbledon,QF,Hurkacz,22.6,43.0,43.5,52.4,34.1,31.1,52.5,48.7,39.3,54.5,37.5,6.9,27.6,29.6,-49,False,True,False,False
2021,Wimbledon,R16,Sonego,37.2,52.6,58.3,61.5,44.0,44.7,59.6,56.0,36.4,40.0,100.0,26.7,43.3,54.5,-30,False,True,False,True
2021,Wimbledon,R32,Norrie,38.6,56.1,52.9,56.5,48.8,39.5,60.5,54.7,59.5,41.0,0.0,36.8,47.4,45.8,-79,False,True,False,True
2021,Wimbledon,R64,Gasquet,34.7,54.7,61.3,72.2,45.1,42.9,68.3,58.4,56.7,48.5,66.7,18.8,28.1,46.2,-79,False,True,False,True
2021,Wimbledon,R128,Mannarino,29.5,41.1,57.9,55.0,36.2,41.2,54.4,52.2,37.1,54.5,100.0,12.2,22.0,61.1,7,False,True,False,True
2021,Roland Garros,R32,Koepfer,20.3,35.4,55.6,57.3,28.6,25.0,43.0,38.2,53.5,38.6,33.3,12.5,23.2,53.1,-53,True,False,False,True
2021,Roland Garros,R64,Cilic,40.2,54.7,49.3,55.6,47.7,43.8,61.3,54.8,43.2,58.1,50.0,33.3,41.7,37.5,-38,True,False,False,True
2021,Doha,R16,Evans,23.8,43.8,61.3,70.0,38.2,29.6,53.5,50.8,55.2,50.0,0.0,11.8,23.5,46.7,-79,False,False,True,True
2020,Australian Open,SF,Djokovic,28.8,43.3,42.3,47.7,37.9,35.3,55.9,49.1,65.7,48.5,33.3,18.2,21.2,33.3,47,False,False,True,False
2020,Australian Open,QF,Sandgren,30.4,45.0,50.9,54.9,39.7,36.6,55.4,50.8,46.9,57.1,37.5,19.6,26.8,44.4,-2,False,False,True,True
2020,Australian Open,R16,Fucsovics,16.5,32.0,60.5,70.0,26.2,20.6,42.9,36.5,71.0,56.3,33.3,10.0,15.0,47.2,-79,False,False,True,True
2020,Australian Open,R32,Millman,29.4,48.2,57.0,61.4,38.2,37.5,59.8,50.8,41.7,62.5,50.0,15.4,28.8,50.0,34,False,False,True,True
2019,Tour Finals,SF,Tsitsipas,37.0,40.7,35.3,43.8,40.0,46.7,53.3,52.0,50.0,50.0,0.0,25.0,25.0,27.8,-79,False,False,True,False
2019,Tour Finals,RR,Berrettini,41.8,59.7,56.4,56.5,50.3,48.9,68.9,61.6,43.5,40.9,0.0,27.3,40.9,56.3,-79,False,False,True,True
2019,Tour Finals,RR,Thiem,34.3,47.8,45.5,55.2,43.9,38.3,55.3,51.9,38.1,50.0,0.0,25.0,30.0,26.7,-79,False,False,True,False
2019,Shanghai,QF,Zverev,32.6,41.3,44.3,38.2,37.1,41.4,53.4,48.4,37.5,38.5,0.0,18.2,21.2,51.9,-79,False,False,True,False
2019,Shanghai,R16,Goffin,32.5,43.4,52.7,54.1,40.2,38.3,51.7,49.0,64.0,45.7,33.3,18.2,22.7,50.0,-13,False,False,True,True
2019,Laver Cup,RR,Isner,42.4,57.6,75.8,82.6,52.2,47.7,65.9,60.9,52.9,70.4,100.0,28.6,35.7,60.0,22,False,False,True,True
2019,US Open,QF,Dimitrov,34.0,47.2,46.8,52.1,40.6,46.1,61.8,56.6,34.8,53.5,25.0,14.8,24.1,41.3,-52,False,False,True,False
2019,Wimbledon,F,Djokovic,34.0,48.3,54.7,63.5,43.5,41.7,59.1,57.0,66.1,45.6,33.3,22.9,32.9,42.6,40,False,True,False,False
2019,Wimbledon,SF,Nadal,32.8,44.0,55.8,55.3,40.7,40.5,53.2,52.2,47.4,39.0,0.0,16.7,25.0,56.7,-38,False,True,False,True
2019,Wimbledon,QF,Nishikori,38.7,57.5,60.7,68.3,49.8,41.4,70.0,58.3,56.8,63.6,50.0,37.5,37.5,45.0,89,False,True,False,True
2019,Wimbledon,R32,Pouille,31.4,48.0,55.9,63.0,42.4,32.4,52.9,48.8,53.3,47.4,33.3,31.3,40.6,40.9,-79,False,True,False,True
2019,Wimbledon,R64,Clarke,34.2,64.4,77.8,82.6,46.3,48.9,80.0,68.4,47.8,54.5,0.0,12.0,44.0,72.7,4,False,True,False,True
2019,Halle,F,Goffin,41.4,58.6,60.6,64.7,48.4,51.4,71.4,63.1,57.1,57.1,100.0,27.3,40.9,56.3,-13,False,True,False,True
2019,Halle,QF,Bautista,23.3,43.3,62.3,68.9,38.3,23.7,49.2,46.6,50.0,51.6,40.0,22.6,32.3,50.0,-79,False,True,False,True
2019,Halle,R16,Tsonga,37.0,48.0,54.8,52.8,42.4,45.5,54.5,53.6,51.9,61.5,66.7,21.2,36.4,57.7,-35,False,True,False,True
2019,Roland Garros,SF,Nadal,16.1,30.1,44.2,50.0,23.7,21.4,35.7,33.9,46.2,46.7,55.6,8.3,22.2,36.4,-38,True,False,False,False
2019,Roland Garros,QF,Wawrinka,30.9,45.6,58.4,63.9,39.3,36.5,49.0,49.6,41.5,54.5,33.3,21.6,41.2,50.0,-22,True,False,False,True
2019,Rome,R16,Coric,29.4,42.2,46.7,42.5,35.3,35.5,46.8,46.0,62.1,54.5,0.0,22.2,37.8,51.4,-15,True,False,False,True
2019,Madrid,QF,Thiem,39.6,53.8,52.5,61.0,46.8,46.1,64.5,56.1,43.3,56.5,33.3,25.9,29.6,35.0,72,True,False,False,False
2019,Madrid,R16,Monfils,35.7,48.8,53.8,59.4,46.0,36.0,56.0,53.2,39.1,37.0,50.0,37.5,40.6,45.0,10,True,False,False,True
2019,Miami,R16,Medvedev,33.3,45.8,65.6,73.7,40.0,42.4,54.5,52.1,33.3,44.4,0.0,13.3,26.7,53.8,-79,False,False,True,True
2019,Miami,R64,Albot,37.4,51.6,60.0,55.2,42.7,49.1,57.9,57.7,56.5,55.9,100.0,18.8,43.8,65.4,10,False,False,True,True
2019,Indian Wells,F,Thiem,22.6,40.5,55.6,60.5,33.9,27.1,49.2,43.2,25.8,46.4,100.0,13.0,21.7,45.0,14,False,False,True,False
2019,Indian Wells,QF,Hurkacz,27.1,39.0,67.5,76.2,33.4,34.4,50.0,45.9,46.7,41.2,100.0,20.8,29.2,57.9,86,False,False,True,True
2019,Indian Wells,R16,Edmund,32.3,46.2,54.5,66.7,40.5,41.5,58.5,54.4,50.0,42.1,33.3,16.7,25.0,40.0,-79,False,False,True,True
2019,Dubai,F,Tsitsipas,32.7,47.3,67.6,74.1,42.4,35.7,52.4,48.3,31.6,34.8,50.0,23.1,30.8,50.0,-79,False,False,True,True
2019,Dubai,QF,Fucsovics,25.0,46.3,53.4,62.5,35.5,36.0,60.0,52.8,60.0,44.0,0.0,7.1,25.0,42.3,-45,False,False,True,True
2019,Dubai,R16,Verdasco,38.5,57.7,60.9,58.6,46.3,47.3,67.3,58.4,45.8,41.9,50.0,19.0,38.1,64.7,53,False,False,True,True
2019,Australian Open,R16,Tsitsipas,36.5,51.9,57.6,60.7,46.4,46.7,65.7,61.3,37.5,46.2,0.0,15.7,23.5,53.5,-79,False,False,True,False
2018,Tour Finals,SF,Zverev,32.3,43.1,56.8,63.6,40.0,40.5,51.4,54.1,60.0,59.3,0.0,21.4,32.1,50.0,-79,False,False,True,False
2018,Tour Finals,RR,Anderson,34.0,44.0,59.4,62.5,40.4,46.7,60.0,57.3,38.5,64.7,33.3,15.8,21.1,56.3,-3,False,False,True,True
2018,Paris,SF,Djokovic,32.4,46.0,53.3,54.7,40.9,43.0,57.0,55.8,63.0,53.2,42.9,11.4,25.0,51.3,-13,False,False,True,False
2018,Basel,F,Copil,29.2,41.5,69.8,88.2,35.2,50.0,58.8,61.5,55.6,62.5,0.0,7.1,25.0,57.7,-47,False,False,True,True
2018,Shanghai,SF,Coric,39.3,52.5,43.2,52.4,46.9,47.5,67.5,59.0,50.0,50.0,20.0,23.8,23.8,31.3,-79,False,False,True,False
2018,Shanghai,R32,Medvedev,31.4,48.8,54.2,66.7,41.7,45.0,66.7,59.8,57.7,58.8,100.0,0.0,7.7,38.5,-118,False,False,True,True
2018,US Open,R16,Millman,28.3,43.9,53.5,66.7,37.1,43.5,62.4,61.4,40.5,60.4,66.7,15.4,29.5,43.9,32,False,False,True,False
2018,US Open,R32,Kyrgios,38.0,54.3,58.9,74.2,47.7,49.2,70.5,63.8,48.3,62.5,50.0,16.7,23.3,40.0,-30,False,False,True,True
2018,US Open,R64,Paire,27.4,38.9,62.5,60.0,32.4,36.4,47.3,45.1,60.0,63.3,0.0,17.1,31.4,65.5,47,False,False,True,True
2018,US Open,R128,Nishioka,30.5,48.8,57.4,63.6,40.6,40.0,63.6,55.1,62.5,64.5,40.0,12.5,20.8,47.6,4,False,False,True,True
2018,Cincinnati,F,Djokovic,32.5,36.4,41.7,34.8,37.8,48.9,51.1,58.0,47.6,54.2,50.0,10.7,17.9,48.0,-15,False,False,True,False
2018,Wimbledon,QF,Anderson,44.6,55.4,51.5,55.9,50.6,52.0,63.4,60.7,50.9,54.3,100.0,28.3,37.7,44.7,-51,False,True,False,False
2018,Wimbledon,R16,Mannarino,40.8,53.9,62.2,79.2,50.8,52.9,68.6,67.8,45.8,44.4,50.0,16.0,24.0,42.9,-79,False,True,False,True
2018,Halle,F,Coric,45.5,59.1,53.2,72.4,56.4,53.2,72.6,68.7,66.7,54.3,0.0,28.0,28.0,22.2,-21,False,True,False,False
2018,Halle,SF,Kudla,33.3,50.7,63.8,72.4,43.2,42.0,62.0,56.8,60.0,56.0,33.3,18.2,31.8,50.0,58,False,True,False,True
2018,Halle,QF,Ebden,43.1,52.3,56.8,64.7,49.7,52.8,66.7,64.7,35.3,63.2,100.0,31.0,34.5,50.0,-79,False,True,False,True
2018,Halle,R16,Paire,34.4,48.9,52.5,53.1,42.1,43.9,59.6,56.0,50.0,48.6,66.7,18.2,30.3,51.9,-79,False,True,False,True
2018,Stuttgart,R16,Zverev,32.4,47.9,55.3,62.5,43.9,33.3,50.0,50.4,36.4,26.9,50.0,31.8,45.5,40.0,-13,False,True,False,True
2018,Miami,R64,Kokkinakis,32.1,45.2,63.0,69.7,41.8,40.0,56.4,54.7,66.7,61.8,0.0,19.2,26.9,52.4,72,False,False,True,False
2018,Indian Wells,F,del,27.8,39.1,56.4,58.1,35.8,38.6,52.9,51.7,48.3,51.2,50.0,12.5,20.0,54.3,4,False,False,True,False
2018,Indian Wells,SF,Coric,28.4,40.9,51.6,50.0,34.4,34.6,48.1,44.8,42.9,48.4,40.0,20.0,31.4,53.6,-37,False,False,True,True
2018,Indian Wells,QF,Chung,27.5,47.8,53.1,53.3,37.5,34.8,54.3,49.8,60.0,46.2,66.7,13.6,36.4,52.6,-13,False,False,True,True
2018,Indian Wells,R32,Krajinovic,42.9,66.7,60.9,75.0,52.6,55.6,81.5,70.7,60.0,50.0,50.0,21.4,42.9,45.5,22,False,False,True,True
2018,Indian Wells,R64,Delbonis,30.5,48.8,53.6,54.8,40.1,41.5,62.3,56.4,72.2,42.9,100.0,10.7,25.0,52.0,-27,False,False,True,True
2018,Australian Open,F,Cilic,46.8,54.7,48.6,52.8,50.9,57.1,66.7,64.0,50.0,47.5,0.0,33.3,39.2,44.1,31,False,False,True,True
2018,Australian Open,QF,Berdych,31.3,47.9,63.9,71.4,39.8,41.7,65.0,55.3,57.7,55.9,100.0,16.1,22.6,53.8,35,False,False,True,True
2018,Australian Open,R32,Gasquet,34.0,53.2,50.8,67.6,46.5,39.3,63.9,58.5,42.9,63.6,0.0,25.0,34.4,25.0,-33,False,False,True,True
2018,Australian Open,R64,Struff,47.8,60.9,55.3,57.1,52.9,59.6,73.1,68.7,58.3,46.4,100.0,33.3,46.2,53.8,-41,False,False,True,True
2018,Australian Open,R128,Bedene,33.3,56.8,62.7,62.9,45.1,39.7,62.1,56.0,45.5,55.6,0.0,20.0,50.0,62.5,73,False,False,True,True
2017,Tour Finals,SF,Goffin,33.8,46.8,53.2,60.0,45.2,34.8,52.2,53.9,63.6,62.5,50.0,37.0,44.4,41.2,72,False,False,True,False
2017,Basel,F,del,28.7,39.6,55.2,57.6,34.5,37.7,52.8,48.7,26.1,46.7,20.0,20.9,27.9,52.9,79,False,False,True,True
2017,US Open,QF,del,29.9,44.5,54.9,50.0,36.9,44.6,60.2,56.0,40.5,63.0,66.7,8.2,22.4,60.0,-37,False,False,True,False
2017,US Open,R128,Tiafoe,40.5,50.0,47.7,46.2,45.7,58.7,68.3,68.3,38.2,41.4,0.0,20.4,30.6,48.7,35,False,False,True,True
2017,Canada,F,Zverev,35.8,45.3,46.9,52.9,40.6,37.0,55.6,46.3,53.8,50.0,0.0,37.5,37.5,40.0,37,False,False,True,False
2017,Canada,SF,Haase,44.4,59.3,72.4,71.4,52.2,53.3,73.3,67.3,41.7,38.9,0.0,34.8,43.5,73.3,-16,False,False,True,True
2017,Canada,R16,Ferrer,35.3,42.2,43.5,41.9,39.4,48.3,58.3,55.3,52.0,45.7,50.0,18.4,21.1,45.2,65,False,False,True,True
2017,Wimbledon,SF,Berdych,35.2,55.2,66.1,71.1,46.2,44.9,69.6,61.6,46.2,55.8,33.3,20.0,33.3,58.3,59,False,True,False,True
2017,Wimbledon,QF,Raonic,32.6,49.4,66.7,80.0,44.3,46.4,64.3,65.0,29.2,59.4,75.0,12.5,33.3,47.6,-19,False,True,False,True
2017,Wimbledon,R16,Dimitrov,40.0,56.0,57.8,53.6,46.1,46.2,61.5,55.0,35.0,62.5,0.0,26.1,43.5,64.7,-79,False,True,False,True
2017,Halle,F,Zverev,45.2,54.8,60.9,78.6,57.4,51.7,62.1,69.3,46.2,37.5,100.0,30.8,38.5,33.3,-79,False,True,False,True
2017,Halle,SF,Khachanov,27.3,42.9,55.6,59.5,36.0,28.8,50.0,41.7,60.0,46.9,33.3,26.1,30.4,47.1,42,False,True,False,True
2017,Stuttgart,R16,Haas,40.4,55.3,50.0,52.8,49.4,48.6,65.7,60.6,62.1,39.0,0.0,18.2,27.3,44.4,47,False,True,False,False
2017,Miami,F,Nadal,24.2,40.3,65.2,81.5,35.3,30.8,53.8,48.5,61.1,52.4,0.0,13.6,18.2,42.1,-13,False,False,True,True
2017,Miami,QF,Berdych,30.6,44.7,53.7,51.6,36.1,40.4,53.8,49.4,54.5,46.7,0.0,17.9,35.7,56.5,49,False,False,True,True
2017,Indian Wells,F,Wawrinka,31.6,45.6,63.2,60.0,41.4,44.4,55.6,60.0,60.0,52.4,100.0,10.0,30.0,66.7,-13,False,False,True,True
2017,Indian Wells,R16,Nadal,40.0,60.0,60.0,57.1,44.4,41.7,58.3,50.0,41.7,66.7,0.0,42.1,68.4,63.6,-3,False,False,True,True
2017,Dubai,R16,Donskoy,40.4,54.1,47.6,53.3,48.5,43.8,60.0,54.9,52.9,47.8,50.0,33.3,40.7,33.3,25,False,False,True,False
2017,Australian Open,F,Nadal,32.6,47.8,51.1,58.3,39.8,43.5,61.2,55.2,60.0,42.5,44.4,16.0,28.0,42.9,7,False,False,True,True
2017,Australian Open,SF,Wawrinka,31.5,46.9,52.6,54.7,39.7,38.4,54.7,52.1,57.5,43.5,66.7,22.2,37.0,50.0,1,False,False,True,True
2017,Australian Open,QF,Zverev,29.1,48.1,56.4,52.8,37.6,33.3,53.7,45.7,42.3,50.0,50.0,20.8,37.5,63.2,-19,False,False,True,True
2017,Australian Open,R16,Nishikori,37.8,52.7,53.8,61.7,47.2,51.0,68.8,65.5,50.0,42.3,20.0,17.5,30.0,42.4,49,False,False,True,True
2017,Australian Open,R128,Melzer,44.7,54.4,44.6,46.7,49.4,55.2,62.7,62.5,48.4,50.0,50.0,25.7,40.0,42.3,-37,False,False,True,True
2016,Wimbledon,SF,Raonic,37.5,54.4,54.7,67.3,46.8,43.9,69.4,59.1,51.1,56.9,71.4,29.8,33.3,37.5,43,False,True,False,False
2016,Wimbledon,QF,Cilic,45.0,54.4,48.4,52.2,50.7,56.6,67.0,65.8,52.5,65.2,50.0,25.4,33.3,44.7,-79,False,True,False,True
2016,Wimbledon,R64,Willis,35.6,46.6,59.6,63.0,45.3,40.0,55.6,55.8,59.1,34.8,100.0,28.6,32.1,55.0,-79,False,True,False,True
2016,Stuttgart,SF,Thiem,31.2,45.9,47.9,57.5,38.4,42.0,58.0,53.5,58.6,45.0,33.3,13.2,26.3,36.4,-3,False,True,False,False
2016,Stuttgart,R16,Fritz,34.7,56.8,58.3,69.4,45.1,41.9,67.7,57.7,46.4,50.0,25.0,22.6,38.7,41.7,13,False,True,False,True
2016,Rome,R16,Thiem,33.3,40.0,43.8,37.0,37.5,42.6,53.2,49.1,42.1,57.1,33.3,19.2,19.2,52.4,-23,True,False,False,False
2016,Rome,R32,Zverev,32.2,50.8,65.0,68.4,39.3,42.4,60.6,55.2,57.1,57.9,100.0,19.2,38.5,61.9,-79,True,False,False,True
2016,Monte Carlo,QF,Tsonga,25.0,36.9,50.8,54.3,32.6,28.6,44.9,41.6,32.0,58.3,25.0,22.6,29.0,45.8,94,True,False,False,False
2016,Australian Open,SF,Djokovic,28.0,36.0,39.4,38.9,32.8,36.8,47.4,45.3,45.2,38.5,0.0,16.7,21.4,40.0,-44,False,False,True,False
2016,Australian Open,QF,Berdych,35.6,52.9,60.4,68.8,46.9,46.7,63.3,63.0,37.9,58.1,0.0,12.5,33.3,47.6,4,False,False,True,True
2016,Australian Open,R32,Dimitrov,33.0,48.2,55.7,54.1,39.6,47.1,61.4,57.7,58.8,58.3,60.0,10.8,29.7,57.6,-13,False,False,True,True
2016,Brisbane,F,Raonic,36.7,41.7,47.2,43.8,37.5,52.9,55.9,54.4,53.8,52.4,33.3,16.7,25.0,50.0,37,False,False,True,False
2015,Tour Finals,F,Djokovic,27.1,33.9,48.8,57.1,35.6,28.2,38.5,41.0,50.0,57.1,66.7,27.8,27.8,30.8,72,False,False,True,False
2015,Tour Finals,SF,Wawrinka,23.4,39.1,67.4,65.5,33.6,29.3,46.3,45.1,61.1,52.2,100.0,15.0,30.0,70.6,25,False,False,True,True
2015,Tour Finals,RR,Djokovic,40.7,53.7,56.7,50.0,47.4,50.0,66.7,60.0,43.8,60.0,100.0,25.0,31.3,66.7,89,False,False,True,True
2015,Tour Finals,RR,Nishikori,27.7,39.4,46.9,73.3,35.6,41.2,58.8,55.9,60.0,53.8,66.7,12.8,17.9,23.5,10,False,False,True,True
2015,Paris,R32,Seppi,27.5,55.0,71.4,66.7,39.3,30.8,57.7,48.8,50.0,64.3,100.0,23.1,53.8,80.0,29,False,False,True,True
2015,Basel,F,Nadal,36.7,56.7,54.5,59.5,49.0,40.3,64.5,58.2,53.1,36.7,0.0,30.8,42.3,44.4,29,False,False,True,True
2015,Basel,SF,Sock,35.7,50.0,60.0,77.3,47.3,43.6,61.5,60.3,52.6,65.0,100.0,18.8,25.0,30.8,10,False,False,True,True
2015,Basel,QF,Goffin,26.8,46.3,55.4,69.0,37.1,32.6,60.5,52.1,66.7,54.5,50.0,22.9,34.3,40.7,76,False,False,True,True
2015,Basel,R32,Kukushkin,35.0,67.5,82.6,81.8,45.0,50.0,86.4,68.2,55.6,61.5,0.0,20.0,53.3,83.3,65,False,False,True,True
2015,Shanghai,R32,Ramos,33.8,50.6,66.0,71.0,45.7,43.6,61.8,60.4,53.6,44.4,100.0,9.5,23.8,57.9,-18,False,False,True,False
2015,US Open,F,Djokovic,32.1,41.6,46.6,51.9,39.3,40.2,51.7,51.5,53.3,61.9,42.9,20.0,26.7,38.9,72,False,False,True,False
2015,US Open,SF,Wawrinka,33.8,50.6,63.3,64.3,41.8,44.0,64.0,56.4,70.0,66.7,0.0,16.0,28.0,61.9,33,False,False,True,True
2015,US Open,R16,Isner,47.7,60.4,56.6,56.0,52.0,60.3,71.4,67.8,39.4,46.7,25.0,34.9,51.2,57.1,-45,False,False,True,True
2015,US Open,R32,Kohlschreiber,32.5,49.4,51.9,56.3,38.8,37.3,52.9,47.5,33.3,45.8,50.0,31.0,51.7,45.0,105,False,False,True,True
2015,US Open,R64,Darcis,42.6,63.9,61.8,70.0,51.6,53.5,79.1,66.3,55.6,56.0,0.0,17.6,29.4,50.0,5,False,False,True,True
2015,US Open,R128,Mayer,45.5,60.6,64.5,61.9,54.1,52.3,72.7,65.2,47.1,63.0,0.0,41.2,47.1,70.0,232,False,False,True,True
2015,Cincinnati,QF,Lopez,35.8,52.8,64.7,72.7,45.8,40.5,59.5,54.9,68.8,52.4,50.0,25.0,37.5,50.0,-79,False,False,True,True
2015,Wimbledon,F,Djokovic,31.2,44.7,52.1,57.9,40.1,39.4,52.1,52.8,47.5,51.9,0.0,15.9,31.8,43.2,18,False,True,False,False
2015,Wimbledon,SF,Murray,40.7,58.2,62.3,71.1,52.9,44.9,66.7,61.0,44.8,62.5,100.0,28.6,33.3,40.0,-10,False,True,False,True
2015,Wimbledon,QF,Simon,44.0,60.0,56.1,57.7,52.4,52.7,69.1,64.2,55.6,46.4,100.0,21.1,36.8,53.3,-3,False,True,False,True
2015,Wimbledon,R64,Querrey,31.2,54.5,62.7,64.3,40.6,40.4,63.8,56.0,40.0,51.9,0.0,17.9,42.9,60.9,22,False,True,False,True
2015,Halle,F,Seppi,35.6,52.1,57.4,65.5,45.1,45.3,62.3,58.3,56.5,56.7,66.7,10.0,25.0,44.4,-79,False,True,False,True
2015,Halle,SF,Karlovic,42.3,57.7,62.2,71.0,53.2,46.6,65.5,61.2,40.9,61.1,100.0,30.0,35.0,42.9,-79,False,True,False,True
2015,Roland Garros,QF,Wawrinka,28.6,37.5,48.8,48.8,34.6,38.6,45.7,48.1,40.0,55.0,60.0,11.9,23.8,48.6,-79,True,False,False,False
2015,Roland Garros,R16,Monfils,36.0,48.0,54.0,54.3,41.7,42.6,57.4,52.0,28.6,63.6,100.0,26.3,34.2,53.6,-40,True,False,False,True
2015,Roland Garros,R32,Dzumhur,22.0,36.6,59.7,56.8,32.3,28.8,50.0,45.2,39.1,48.3,0.0,10.7,14.3,64.0,-27,True,False,False,True
2015,Rome,F,Djokovic,27.4,41.9,47.7,56.0,38.7,39.0,58.5,56.1,56.3,72.0,100.0,5.0,10.0,36.8,-66,True,False,False,False
2015,Rome,SF,Wawrinka,37.5,52.1,62.1,63.2,50.0,45.7,62.9,62.9,41.2,50.0,100.0,16.7,25.0,60.0,37,True,False,False,True
2015,Rome,QF,Berdych,31.3,54.2,60.6,76.5,40.6,41.4,72.4,56.9,50.0,53.3,0.0,15.8,26.3,43.8,-79,True,False,False,True
2015,Madrid,R32,Kyrgios,31.8,49.6,54.0,62.8,39.3,41.9,64.9,55.0,58.1,55.8,0.0,18.5,29.6,45.5,-52,True,False,False,False
2015,Istanbul,F,Cuevas,31.9,51.4,59.6,59.4,41.9,38.5,61.5,52.3,26.3,60.6,0.0,16.7,27.8,60.0,47,False,False,True,True
2015,Monte Carlo,R16,Monfils,20.7,33.3,48.5,53.1,28.2,31.9,46.8,45.7,52.4,57.7,66.7,7.7,17.9,44.4,-41,True,False,False,False
2015,Indian Wells,F,Djokovic,24.5,38.8,45.1,54.3,30.4,38.6,52.6,48.8,48.4,53.8,83.3,5.3,21.1,36.1,-64,False,False,True,False
2015,Indian Wells,SF,Raonic,31.7,44.4,62.8,66.7,37.5,35.7,50.0,44.3,26.1,52.6,0.0,23.8,33.3,56.3,-79,False,False,True,True
2015,Dubai,F,Djokovic,36.7,49.4,46.9,54.2,44.1,53.8,69.2,65.0,66.7,35.5,25.0,3.8,11.5,40.0,-77,False,False,True,True
2015,Dubai,SF,Coric,34.7,38.8,44.8,50.0,40.4,43.8,50.0,52.5,35.7,44.4,33.3,21.4,21.4,36.4,76,False,False,True,True
2015,Dubai,R16,Verdasco,42.5,62.5,60.9,66.7,51.2,57.1,82.1,69.6,40.0,38.5,0.0,8.3,16.7,54.5,-79,False,False,True,True
2015,Australian Open,R32,Seppi,35.5,48.6,55.0,59.0,41.7,52.4,65.9,62.8,50.0,45.2,33.3,12.8,27.7,51.2,0,False,False,True,False
2015,Australian Open,R128,Lu,30.1,57.8,72.2,75.0,43.1,42.9,75.0,62.1,60.9,60.6,66.7,4.3,26.1,68.2,-76,False,False,True,True
2015,Brisbane,F,Raonic,44.0,53.0,46.4,55.2,50.0,54.7,64.1,64.1,50.0,61.1,50.0,25.0,33.3,37.0,-79,False,False,True,True
2014,Tour Finals,SF,Wawrinka,34.3,42.6,46.5,51.5,39.6,42.1,56.1,52.3,54.2,48.5,100.0,25.5,27.5,42.1,-79,False,False,True,True
2014,Tour Finals,RR,Raonic,36.0,48.0,54.3,58.3,42.3,41.5,58.5,52.9,47.4,45.5,50.0,31.3,37.5,50.0,10,False,False,True,True
2014,Basel,QF,Dimitrov,40.0,52.3,60.5,62.5,46.6,56.8,70.3,68.4,45.0,64.7,100.0,18.5,29.6,59.1,-25,False,False,True,True
2014,Davis Cup,RR,Fognini,37.5,50.0,60.3,62.9,43.3,39.7,56.9,49.3,50.0,52.9,25.0,36.1,41.7,56.5,1,False,False,True,True
2014,US Open,QF,Monfils,29.8,44.4,54.8,63.6,38.7,35.3,54.1,51.1,53.8,47.8,33.3,23.4,32.8,44.9,-56,False,False,True,True
2014,US Open,R128,Matosevic,43.7,60.9,62.5,77.4,52.6,48.3,68.3,61.3,52.0,37.1,0.0,34.6,46.2,35.3,-23,False,False,True,True
2014,Cincinnati,F,Ferrer,36.5,52.7,48.9,56.0,45.3,45.7,60.9,59.8,33.3,52.0,0.0,23.1,42.3,40.0,29,False,False,True,True
2014,Cincinnati,SF,Raonic,38.5,57.7,59.4,73.3,48.7,54.5,75.8,70.6,14.3,47.4,0.0,10.5,26.3,47.1,-79,False,False,True,True
2014,Cincinnati,QF,Murray,31.7,46.0,50.0,50.0,39.2,43.6,61.5,55.6,66.7,42.9,33.3,14.3,23.8,50.0,19,False,False,True,True
2014,Canada,F,Tsonga,29.0,47.0,50.7,53.7,39.5,36.9,60.0,53.1,43.3,54.3,40.0,16.1,25.8,46.2,39,False,False,True,False
2014,Wimbledon,F,Djokovic,34.9,46.9,50.8,58.1,43.2,44.4,60.2,56.3,58.3,49.3,14.3,14.8,18.5,39.1,31,False,True,False,False
2014,Wimbledon,SF,Raonic,38.8,55.0,62.5,66.7,47.4,42.3,59.6,55.6,34.8,48.3,100.0,33.3,48.1,55.6,-25,False,True,False,True
2014,Wimbledon,QF,Wawrinka,36.1,53.8,62.7,66.7,48.4,37.7,58.4,56.6,37.1,57.1,0.0,34.1,46.3,55.6,-43,False,True,False,True
2014,Halle,F,Falla,33.3,53.3,62.5,70.4,43.6,42.6,70.2,58.9,40.9,60.0,50.0,19.2,26.9,52.4,29,False,True,False,True
2014,Roland Garros,R16,Gulbis,26.7,41.0,49.6,54.9,34.2,29.7,46.5,41.7,46.8,63.0,40.0,22.8,33.3,40.9,-3,True,False,False,False
2014,Roland Garros,R64,Schwartzman,37.0,48.1,59.2,66.7,42.8,47.1,60.8,56.3,40.9,48.3,0.0,21.4,28.6,50.0,22,True,False,False,True
2014,Rome,R32,Chardy,35.6,49.5,43.8,45.2,42.4,40.8,54.9,50.4,40.6,59.0,75.0,26.7,40.0,40.9,-30,True,False,False,False
2014,Monte Carlo,F,Wawrinka,20.4,35.0,55.6,65.4,32.1,23.5,39.7,41.3,51.6,56.8,75.0,14.7,26.5,37.9,-36,True,False,False,False
2014,Monte Carlo,SF,Djokovic,26.3,42.1,68.3,75.0,37.4,30.0,52.5,45.8,35.3,21.7,0.0,18.8,18.8,53.8,10,True,False,False,True
2014,Miami,QF,Nishikori,28.4,35.2,46.7,51.7,33.3,38.3,48.9,47.4,31.3,45.2,25.0,18.4,21.1,41.9,32,False,False,True,False
2014,Indian Wells,F,Djokovic,25.7,39.6,56.3,53.7,34.2,35.9,53.1,49.2,44.4,48.6,50.0,9.1,18.2,60.0,-29,False,False,True,False
2014,Indian Wells,R16,Haas,24.2,41.9,60.9,74.1,34.2,32.5,57.5,48.0,53.3,48.0,33.3,9.5,14.3,42.1,-18,False,False,True,True
2014,Dubai,F,Berdych,34.5,44.0,48.1,68.2,38.8,48.8,62.8,57.2,76.5,30.8,66.7,20.0,25.0,34.4,-42,False,False,True,True
2014,Dubai,SF,Djokovic,36.4,46.8,48.9,52.2,39.6,47.7,59.1,53.4,36.0,15.8,0.0,22.6,32.3,45.8,-79,False,False,True,True
2014,Australian Open,SF,Nadal,22.9,38.1,48.8,52.9,31.3,27.1,45.7,39.9,55.3,34.4,33.3,14.7,23.5,41.4,-36,False,False,True,False
2014,Australian Open,QF,Murray,31.1,45.1,60.2,64.7,42.0,34.6,56.4,51.7,63.6,55.6,0.0,25.6,25.6,53.1,-79,False,False,True,True
2014,Australian Open,R128,Duckworth,38.5,55.1,67.4,78.3,47.8,52.1,75.0,67.3,37.5,62.5,0.0,20.0,28.0,55.0,65,False,False,True,True
2014,Brisbane,F,Hewitt,43.0,50.0,31.3,40.0,46.7,52.8,60.4,58.9,51.9,53.8,25.0,28.1,34.4,21.7,-33,False,False,True,False
2014,Brisbane,QF,Matosevic,39.0,51.2,58.3,66.7,44.1,40.0,52.0,48.4,50.0,27.3,0.0,40.0,53.3,44.4,16,False,False,True,True
2013,Tour Finals,SF,Nadal,32.2,42.4,41.0,47.8,37.5,41.0,53.8,49.0,33.3,50.0,0.0,15.8,21.1,31.3,-3,False,False,True,False
2013,Tour Finals,RR,Gasquet,21.9,35.9,57.1,58.3,29.2,25.0,39.6,34.8,27.3,53.8,75.0,13.3,26.7,53.8,16,False,False,True,True
2013,Tour Finals,RR,Djokovic,24.3,35.9,47.9,50.0,30.6,34.5,47.3,46.4,47.6,52.9,33.3,14.0,25.6,45.9,19,False,False,True,False
2013,Tour Finals,RR,del,31.6,49.0,56.1,65.8,40.0,40.6,62.5,53.4,40.0,61.5,25.0,15.2,24.2,42.9,-35,False,False,True,True
2013,Paris,SF,Djokovic,22.5,29.2,49.2,54.8,28.0,28.8,37.3,37.1,63.3,62.1,66.7,11.5,15.4,39.1,-8,False,False,True,False
2013,Paris,QF,del,29.0,46.4,67.3,75.0,40.6,31.9,53.2,48.9,27.3,52.0,66.7,22.7,31.8,52.9,-79,False,False,True,True
2013,Basel,F,del,33.7,47.5,50.0,52.8,40.8,44.6,63.1,55.7,40.6,51.5,0.0,15.6,21.9,44.4,31,False,False,True,False
2013,Basel,QF,Dimitrov,20.6,38.2,68.0,77.8,30.1,30.8,48.7,47.4,52.9,45.5,60.0,8.0,28.0,56.5,-42,False,False,True,True
2013,Shanghai,R16,Monfils,25.5,46.1,55.4,59.6,36.9,28.8,50.7,44.7,47.2,40.5,16.7,18.5,37.0,45.5,25,False,False,True,False
2013,Shanghai,R32,Seppi,31.3,47.8,52.3,59.1,38.4,43.6,61.5,55.6,55.6,57.1,100.0,15.4,30.8,45.5,29,False,False,True,True
2013,US Open,R16,Robredo,29.1,40.7,47.5,54.8,36.2,40.4,50.0,52.1,51.7,65.2,50.0,11.8,26.5,40.0,-79,False,False,True,False
2013,US Open,R128,Zemlja,36.3,51.2,67.3,69.6,44.4,51.1,66.0,64.9,30.4,41.7,50.0,16.1,32.3,65.4,13,False,False,True,True
2013,Cincinnati,QF,Nadal,24.5,44.1,54.5,53.3,34.2,29.7,53.1,45.2,60.6,58.1,66.7,15.8,28.9,56.3,-79,False,False,True,False
2013,Hamburg,SF,Delbonis,22.7,30.9,60.3,64.7,30.0,38.2,50.9,51.1,40.9,33.3,33.3,2.5,5.0,56.4,-92,True,False,False,False
2013,Wimbledon,R64,Stakhovsky,33.5,50.0,59.6,65.2,43.7,42.1,59.6,56.1,39.2,52.4,50.0,11.6,25.6,50.0,-45,False,True,False,False
2013,Halle,F,Youzhny,35.1,51.5,62.9,63.9,43.2,43.8,60.9,56.1,48.3,42.9,0.0,18.8,34.4,61.5,-33,False,True,False,True
2013,Roland Garros,QF,Tsonga,11.0,31.0,48.8,52.5,22.9,14.1,40.8,30.8,28.1,56.4,88.9,3.8,7.7,40.0,-80,True,False,False,False
2013,Rome,F,Nadal,15.1,26.4,35.6,41.7,23.0,22.6,41.9,36.1,56.3,46.7,0.0,4.5,4.5,28.6,-79,True,False,False,False
2013,Rome,SF,Paire,25.7,39.2,57.7,66.7,31.2,33.3,48.9,42.4,50.0,59.3,33.3,15.4,26.9,45.5,34,True,False,False,True
2013,Rome,QF,Janowicz,36.4,50.0,57.1,53.3,43.3,40.0,56.0,49.2,42.1,51.6,50.0,25.0,31.3,66.7,-79,True,False,False,True
2013,Madrid,R16,Nishikori,47.7,60.0,44.1,42.1,52.5,55.8,67.4,63.0,41.2,50.0,50.0,31.8,45.5,46.7,-79,True,False,False,False
2013,Indian Wells,QF,Nadal,22.7,33.3,36.2,47.1,29.7,29.2,43.8,40.2,72.7,38.5,20.0,11.1,14.8,20.8,-79,False,False,True,False
2013,Rotterdam,R16,De,38.3,51.7,60.6,78.6,44.5,57.6,72.7,68.8,53.3,61.1,100.0,17.4,30.4,47.4,51,False,False,True,True
2013,Australian Open,SF,Murray,24.6,35.1,49.6,62.2,32.1,30.2,44.3,42.4,52.0,51.8,50.0,15.9,20.6,32.1,-33,False,False,True,False
2013,Australian Open,QF,Tsonga,21.5,40.5,62.0,70.7,33.2,22.7,48.5,41.8,46.5,46.3,33.3,20.7,29.3,47.8,-5,False,False,True,True
2012,Tour Finals,F,Djokovic,23.7,36.6,46.4,42.1,30.0,33.3,45.6,43.7,36.0,43.8,0.0,8.8,23.5,51.6,-26,False,False,True,False
2012,Tour Finals,SF,Murray,32.2,52.5,62.5,76.2,44.9,34.4,62.5,57.8,43.8,56.3,0.0,29.6,40.7,47.4,-79,False,False,True,True
2012,Shanghai,SF,Murray,23.8,35.0,42.9,50.0,30.1,31.9,51.1,42.8,56.5,41.7,42.9,14.3,14.3,33.3,15,False,False,True,False
2012,Shanghai,QF,Cilic,35.5,43.5,42.1,40.0,41.6,40.5,50.0,49.5,61.1,41.7,25.0,27.8,33.3,46.2,72,False,False,True,True
2012,Shanghai,R16,Wawrinka,32.6,44.2,50.9,50.0,38.1,33.3,44.4,42.2,47.8,22.6,0.0,32.3,45.2,52.4,-32,False,False,True,True
2012,US Open,QF,Berdych,28.7,44.3,48.1,55.3,36.8,35.6,56.2,48.4,62.5,56.1,50.0,17.9,25.6,37.5,29,False,False,True,False
2012,US Open,R64,Phau,32.9,47.4,61.2,64.5,43.6,41.5,58.5,56.8,60.9,46.7,100.0,14.3,23.8,55.6,-10,False,False,True,True
2012,Cincinnati,SF,Wawrinka,25.0,42.6,73.9,76.0,36.0,30.6,55.6,51.4,53.8,30.4,0.0,22.2,33.3,71.4,88,False,False,True,True
2012,London Olympics,F,Murray,24.4,38.5,41.4,47.1,30.9,33.3,51.0,43.3,50.0,48.0,60.0,7.7,15.4,33.3,-37,False,True,False,False
2012,London Olympics,SF,del,40.2,52.9,52.0,46.3,46.6,53.8,67.5,63.2,29.6,63.5,66.7,12.7,23.6,58.3,-26,False,True,False,True
2012,London Olympics,QF,Isner,28.8,47.9,62.7,65.5,37.4,37.0,56.5,50.7,53.8,39.4,0.0,15.4,34.6,59.1,-23,False,True,False,True
2012,London Olympics,R16,Istomin,32.4,50.0,56.5,60.0,43.4,38.8,57.1,54.1,47.8,38.5,25.0,15.8,31.6,50.0,-79,False,True,False,True
2012,London Olympics,R64,Falla,32.2,42.5,48.3,55.9,37.9,37.0,44.4,46.3,55.0,52.9,66.7,25.0,40.6,37.5,-33,False,True,False,True
2012,Wimbledon,F,Murray,22.1,39.7,59.6,66.2,33.9,27.8,50.0,44.9,57.8,46.7,50.0,10.5,18.4,47.1,-11,False,True,False,True
2012,Wimbledon,SF,Djokovic,43.6,54.5,54.4,48.4,50.4,52.3,66.2,62.9,41.4,41.7,0.0,27.8,33.3,61.5,-79,False,True,False,True
2012,Wimbledon,QF,Youzhny,30.3,48.5,63.0,79.2,37.3,41.5,61.0,52.7,63.2,54.5,0.0,12.0,28.0,45.5,-79,False,True,False,True
2012,Halle,F,Haas,28.6,41.7,49.1,56.8,37.5,36.2,51.7,49.1,38.5,65.6,100.0,13.0,21.7,35.0,9,False,True,False,False
2012,Roland Garros,SF,Djokovic,24.4,31.4,37.1,35.3,27.0,30.6,34.7,35.1,50.0,52.0,66.7,17.6,29.4,39.3,44,True,False,False,False
2012,Roland Garros,QF,del,23.2,37.0,55.2,56.1,30.1,29.6,44.4,41.5,50.0,46.8,50.0,14.3,26.8,54.2,-53,True,False,False,True
2012,Rome,SF,Djokovic,26.2,36.9,50.0,61.1,32.8,43.8,59.4,57.2,60.0,58.8,33.3,9.1,15.2,43.3,-79,True,False,False,False
2012,Rome,R32,Berlocq,22.2,46.3,66.7,76.0,31.9,26.5,50.0,41.8,38.5,66.7,100.0,15.0,40.0,52.9,-79,True,False,False,True
2012,Madrid,F,Berdych,39.4,50.0,41.0,50.0,46.5,50.0,64.7,60.9,36.4,60.0,75.0,20.6,23.5,29.6,5,True,False,False,True
2012,Madrid,SF,Tipsarevic,39.2,54.9,67.9,57.1,47.8,41.7,52.8,53.9,47.1,63.2,0.0,41.7,75.0,100.0,224,True,False,False,True
2012,Madrid,R16,Gasquet,40.7,57.4,53.1,72.2,49.8,51.4,64.9,64.6,60.0,54.5,0.0,17.6,41.2,28.6,-79,True,False,False,True
2012,Indian Wells,F,Isner,32.1,50.0,80.6,90.5,42.0,40.0,54.3,55.7,33.3,56.5,0.0,21.1,47.4,66.7,65,False,False,True,True
2012,Indian Wells,SF,Nadal,25.0,37.5,55.0,48.0,32.7,30.6,44.4,42.5,55.0,37.5,0.0,16.7,27.8,66.7,47,False,False,True,True
2012,Indian Wells,R16,Bellucci,41.1,50.7,54.8,62.5,48.5,52.0,64.0,62.8,44.0,60.0,66.7,18.2,22.7,44.4,-13,False,False,True,True
2012,Dubai,F,Murray,18.8,43.8,66.0,65.4,30.8,25.7,62.9,47.7,37.5,57.9,100.0,11.1,22.2,66.7,-4,False,False,True,True
2012,Rotterdam,F,del,14.5,29.0,62.5,72.4,24.3,21.6,48.6,40.0,50.0,52.9,100.0,6.9,6.9,51.9,-49,False,False,True,True
2012,Australian Open,SF,Nadal,24.4,36.3,52.6,54.0,31.0,27.6,42.5,37.8,57.1,32.7,33.3,20.9,27.9,50.0,79,False,False,True,False
2012,Australian Open,QF,del,29.9,49.4,66.0,79.2,38.4,45.5,72.7,60.5,72.7,59.1,100.0,9.4,18.8,55.2,-33,False,False,True,True
2011,Tour Finals,F,Tsonga,38.8,44.9,53.4,60.7,44.9,48.1,59.3,59.3,26.9,39.3,100.0,28.6,28.6,46.7,-10,False,False,True,True
2011,Paris,F,Tsonga,31.4,57.1,63.8,80.0,44.7,41.9,76.7,63.5,42.1,66.7,100.0,15.4,26.9,45.5,-23,False,False,True,True
2011,Paris,QF,Monaco,27.1,42.9,54.9,69.2,37.7,39.5,62.8,56.7,42.3,41.2,100.0,7.4,11.1,40.0,-79,False,False,True,True
2011,Paris,R16,Gasquet,27.3,45.5,72.4,73.7,39.3,36.7,60.0,54.3,35.7,43.8,50.0,9.1,18.2,70.0,-26,False,False,True,True
2011,Basel,F,Nishikori,35.9,59.0,76.0,80.0,50.8,40.0,72.0,63.2,33.3,43.8,0.0,28.6,35.7,70.0,-79,False,False,True,True
2011,Davis Cup,RR,Hewitt,41.5,51.9,48.7,51.1,47.0,49.4,60.7,57.8,48.6,44.2,25.0,26.7,35.6,45.5,-46,False,False,True,True
2011,US Open,SF,Djokovic,29.3,41.5,48.6,46.8,34.8,38.0,50.0,47.0,57.4,45.3,0.0,16.9,30.5,51.0,17,False,False,True,False
2011,US Open,QF,Tsonga,32.6,43.0,53.6,62.2,40.0,39.3,52.5,49.8,37.9,50.0,50.0,17.4,21.7,36.8,42,False,False,True,True
2011,US Open,R32,Cilic,36.1,49.1,54.5,55.6,40.9,42.9,55.6,51.1,53.1,54.8,0.0,28.6,42.9,53.3,22,False,False,True,True
2011,Cincinnati,R32,del,42.6,55.7,55.9,63.6,50.7,52.2,63.0,62.8,45.0,46.2,0.0,14.3,35.7,41.7,22,False,False,True,True
2011,Wimbledon,QF,Tsonga,38.7,55.5,61.4,60.3,48.5,43.7,58.3,56.8,45.8,58.2,60.0,24.2,48.5,64.0,-35,False,True,False,False
2011,Roland Garros,F,Nadal,23.0,37.3,45.8,53.7,30.4,32.5,51.2,44.1,64.1,39.0,28.6,6.7,13.3,35.7,-46,True,False,False,False
2011,Roland Garros,SF,Djokovic,41.8,47.5,45.0,53.3,44.5,50.0,55.6,54.1,40.0,44.0,16.7,28.6,34.7,34.3,-20,True,False,False,True
2011,Roland Garros,QF,Monfils,23.9,33.0,60.7,62.1,31.4,34.1,47.7,49.1,50.0,50.0,100.0,15.8,21.1,59.4,32,True,False,False,True
2011,Rome,R16,Gasquet,26.9,49.5,65.2,70.3,38.7,37.3,64.4,55.9,28.0,64.7,100.0,9.4,25.0,58.6,-21,True,False,False,False
2011,Rome,R32,Tsonga,28.8,45.5,55.3,62.1,39.2,34.1,54.5,49.8,26.1,71.4,80.0,18.2,27.3,44.4,-79,True,False,False,True
2011,Madrid,SF,Nadal,15.5,39.8,47.7,57.7,27.7,17.5,47.6,37.3,60.6,43.3,71.4,12.8,28.2,32.4,-41,True,False,False,False
2011,Madrid,R32,Lopez,39.7,52.2,62.0,66.7,49.3,41.9,57.0,55.9,58.3,52.6,33.3,37.5,45.0,52.0,27,True,False,False,True
2011,Miami,SF,Nadal,19.0,32.8,43.5,42.3,26.0,25.7,45.7,37.4,52.9,38.9,100.0,9.1,13.6,45.0,-22,False,False,True,False
2011,Indian Wells,SF,Djokovic,16.5,28.2,49.3,58.3,21.9,25.0,41.7,34.6,45.8,50.0,0.0,5.7,11.4,39.4,-59,False,False,True,False
2011,Indian Wells,QF,Wawrinka,36.5,46.2,71.0,83.3,43.8,35.7,50.0,49.3,58.3,31.3,0.0,40.9,45.5,53.8,47,False,False,True,True
2011,Dubai,F,Djokovic,31.0,37.9,33.3,35.0,34.8,42.9,48.6,49.1,50.0,42.1,33.3,13.6,22.7,31.6,-13,False,False,True,False
2011,Australian Open,SF,Djokovic,27.6,39.0,47.4,57.5,33.0,34.4,49.2,43.8,50.0,42.4,40.0,18.2,25.0,36.1,-79,False,False,True,False
2011,Australian Open,QF,Wawrinka,26.7,38.7,63.6,61.9,38.3,27.6,43.1,42.6,56.0,39.4,0.0,23.5,23.5,69.2,-79,False,False,True,True
2011,Australian Open,R64,Simon,27.8,39.7,52.2,66.0,34.9,39.0,54.5,50.6,60.0,50.0,100.0,10.4,16.7,37.2,-48,False,False,True,True
2010,Tour Finals,SF,Djokovic,25.5,43.6,60.0,65.2,34.9,32.4,55.9,47.6,50.0,55.0,100.0,15.0,25.0,52.9,-7,False,False,True,True
2010,Paris,SF,Monfils,38.5,50.0,58.1,69.4,45.5,52.6,67.1,63.8,58.8,45.2,66.7,15.6,22.2,47.4,-46,False,False,True,False
2010,Basel,F,Djokovic,35.7,41.7,54.9,60.0,39.5,49.0,57.1,55.5,48.0,37.5,0.0,18.8,21.9,50.0,51,False,False,True,True
2010,Shanghai,F,Murray,23.2,33.3,39.2,50.0,30.9,27.7,42.6,38.9,51.9,65.0,50.0,15.0,15.0,17.6,32,False,False,True,False
2010,Shanghai,SF,Djokovic,21.9,31.5,61.1,66.7,31.6,26.7,42.2,42.4,47.6,54.2,33.3,16.0,16.0,52.4,39,False,False,True,True
2010,US Open,SF,Djokovic,29.4,36.9,46.3,56.0,36.5,40.5,54.8,54.0,47.5,56.8,75.0,18.3,18.3,37.9,21,False,False,True,False
2010,US Open,QF,Soderling,47.3,63.7,47.8,65.2,52.7,60.3,77.6,69.0,46.2,53.1,50.0,25.8,41.9,30.4,13,False,False,True,True
2010,Cincinnati,F,Fish,36.4,51.8,59.4,56.8,44.5,47.9,66.2,60.4,40.7,52.3,0.0,15.8,26.3,62.5,-40,False,False,True,True
2010,Cincinnati,QF,Davydenko,38.0,50.7,44.2,55.0,43.1,52.4,66.7,61.0,57.1,47.6,100.0,17.9,28.6,34.8,-27,False,False,True,True
2010,Canada,F,Murray,23.9,35.8,44.0,48.3,33.9,31.0,42.9,46.9,52.2,42.1,50.0,12.5,25.0,38.1,-19,False,False,True,False
2010,Canada,SF,Djokovic,35.8,43.2,39.0,46.4,39.7,48.1,57.4,55.0,45.8,50.0,33.3,20.5,25.6,32.3,-5,False,False,True,True
2010,Canada,QF,Berdych,29.4,44.0,56.0,65.9,38.8,36.9,53.8,52.8,42.9,65.9,75.0,19.0,31.0,44.1,-10,False,False,True,True
2010,Wimbledon,QF,Berdych,37.2,50.4,41.3,45.7,45.0,43.9,59.8,55.5,51.2,53.7,66.7,23.7,31.6,34.5,-40,False,True,False,False
2010,Wimbledon,R128,Falla,31.8,49.0,58.3,61.2,38.3,44.9,61.8,56.1,56.8,44.2,80.0,14.5,34.5,55.3,24,False,True,False,True
2010,Halle,F,Hewitt,25.6,36.0,46.2,51.1,32.7,36.5,45.9,48.5,54.5,58.5,83.3,10.2,22.4,40.9,-49,False,True,False,False
2010,Halle,SF,Petzschner,26.7,40.0,51.9,48.3,33.2,34.1,45.5,45.2,52.4,34.8,20.0,16.7,33.3,56.0,-30,False,True,False,True
2010,Roland Garros,QF,Soderling,39.0,47.5,43.9,48.7,43.0,48.7,57.9,54.9,42.5,55.6,50.0,25.0,33.3,37.0,1,True,False,False,False
2010,Roland Garros,R16,Wawrinka,25.8,46.1,59.1,64.1,37.5,32.8,60.3,50.7,41.4,58.6,100.0,12.9,19.4,51.9,-79,True,False,False,True
2010,Madrid,F,Nadal,19.3,34.1,45.1,44.2,26.9,27.1,45.8,38.5,65.5,43.3,14.3,3.4,10.3,46.4,-80,True,False,False,False
2010,Madrid,SF,Ferrer,34.6,50.6,64.7,75.0,43.1,50.0,68.8,64.4,52.2,56.0,100.0,12.9,25.8,55.6,13,True,False,False,True
2010,Australian Open,F,Murray,22.3,40.2,60.5,57.4,31.5,28.9,51.3,42.5,45.2,48.9,60.0,8.6,17.1,65.6,-37,False,False,True,True
2010,Australian Open,QF,Davydenko,31.1,41.0,43.8,40.5,35.9,43.2,54.1,51.1,61.0,63.6,62.5,13.6,22.7,47.4,19,False,False,True,True
2010,Australian Open,R16,Hewitt,32.1,41.0,58.3,53.8,38.5,44.7,53.2,55.3,40.0,51.9,0.0,15.4,26.9,63.6,-79,False,False,True,True
2010,Australian Open,R128,Andreev,34.7,45.5,45.8,55.2,38.1,48.2,60.7,54.5,57.7,53.3,20.0,21.1,31.6,36.7,32,False,False,True,True
2010,Doha,SF,Davydenko,27.4,37.1,47.6,47.6,30.8,38.2,47.1,44.4,61.1,62.5,66.7,16.0,28.0,47.6,39,False,False,True,False
2009,Tour Finals,SF,Davydenko,28.6,48.1,57.7,70.0,40.0,40.0,68.0,57.6,64.0,60.0,0.0,8.3,12.5,40.9,-37,False,False,True,False
2009,Tour Finals,RR,Murray,28.4,46.3,57.4,77.8,38.5,37.2,60.5,53.0,50.0,47.6,50.0,13.0,21.7,30.0,-16,False,False,True,True
2009,Tour Finals,RR,del,30.5,42.7,60.4,65.6,37.4,37.3,54.9,48.4,34.8,46.4,66.7,22.2,25.9,52.4,95,False,False,True,False
2009,Basel,F,Djokovic,27.9,36.0,45.5,50.0,33.5,35.7,46.4,44.3,63.0,48.3,100.0,17.4,21.7,36.8,-16,False,False,True,False
2009,Basel,QF,Korolev,49.1,60.0,46.4,52.6,56.9,53.7,65.9,64.1,50.0,52.4,100.0,35.7,42.9,33.3,-79,False,False,True,True
2009,US Open,F,del,26.0,37.6,55.3,51.9,30.0,40.0,52.2,48.1,48.6,39.6,28.6,13.8,26.3,58.0,15,False,False,True,False
2009,US Open,SF,Djokovic,33.0,45.9,58.6,65.0,38.7,36.5,52.4,46.3,46.4,37.1,0.0,30.2,39.5,50.0,20,False,False,True,True
2009,US Open,QF,Soderling,43.0,53.1,60.0,67.6,49.2,56.5,68.2,65.9,60.6,46.2,25.0,17.5,25.0,51.5,27,False,False,True,True
2009,US Open,R32,Hewitt,28.4,38.1,53.3,56.8,34.3,39.7,53.4,50.7,47.4,48.6,28.6,15.8,21.1,50.0,20,False,False,True,True
2009,Cincinnati,F,Djokovic,41.7,50.0,51.4,64.3,44.2,58.8,67.6,63.2,60.0,52.6,50.0,19.2,26.9,42.9,-79,False,False,True,True
2009,Canada,QF,Tsonga,30.7,47.5,58.8,65.7,40.7,37.5,60.7,55.5,42.3,43.3,25.0,23.3,32.6,51.5,-12,False,False,True,False
2009,Wimbledon,F,Roddick,45.2,60.4,63.5,68.8,51.9,62.5,76.6,72.8,45.3,53.3,50.0,13.8,32.3,58.9,9,False,True,False,True
2009,Wimbledon,R16,Soderling,50.0,55.9,58.8,69.2,54.3,62.3,68.1,68.7,51.9,47.6,0.0,24.2,30.3,48.0,-79,False,True,False,True
2009,Roland Garros,SF,del,28.9,50.7,52.0,59.0,39.0,33.7,59.8,49.3,34.1,58.3,66.7,20.4,34.7,41.0,-49,True,False,False,True
2009,Roland Garros,QF,Monfils,39.4,47.9,57.4,58.3,43.3,54.7,64.2,61.7,50.0,59.3,100.0,21.1,28.9,56.7,-40,True,False,False,True
2009,Roland Garros,R16,Haas,35.4,55.4,63.4,74.5,47.5,42.7,70.7,61.8,51.4,51.1,50.0,23.9,30.4,48.6,-47,True,False,False,True
2009,Madrid,F,Nadal,28.4,46.3,60.0,55.2,36.9,31.0,52.4,44.5,52.9,40.0,0.0,27.3,40.9,68.8,103,True,False,False,True
2009,Madrid,SF,del,35.0,46.7,57.9,65.0,42.2,48.7,61.5,59.7,23.8,44.4,100.0,10.0,20.0,50.0,-13,True,False,False,True
2009,Rome,SF,Djokovic,29.6,33.3,40.7,50.0,33.0,42.1,50.0,49.2,36.8,36.8,100.0,20.0,20.0,34.4,27,True,False,False,False
2009,Miami,SF,Djokovic,22.5,31.3,39.7,41.2,27.3,29.2,37.5,37.1,57.1,37.0,0.0,14.3,25.0,37.5,19,False,False,True,False
2009,Australian Open,F,Nadal,23.8,36.6,49.6,60.0,30.9,33.3,52.2,46.8,60.5,42.6,40.0,14.5,21.1,40.0,29,False,False,True,False
2009,Australian Open,SF,Roddick,37.5,53.1,58.3,68.6,46.8,44.4,65.1,58.6,46.7,45.5,0.0,24.2,30.3,44.0,-79,False,False,True,True
2009,Australian Open,R16,Berdych,35.2,48.4,44.9,46.6,42.4,45.3,62.3,56.0,46.8,50.8,20.0,16.7,22.9,42.5,48,False,False,True,True
2009,Doha,SF,Murray,21.1,41.1,56.3,59.6,31.5,24.2,48.4,40.2,54.8,48.4,0.0,17.2,31.0,50.0,49,False,False,True,False
2008,Masters Cup,RR,Murray,23.7,33.6,41.2,40.4,29.0,31.9,43.5,42.0,50.0,58.1,75.0,15.3,23.7,42.0,-6,False,False,True,False
2008,Basel,SF,Lopez,53.7,61.1,47.8,50.0,55.6,80.6,87.1,83.9,35.7,52.9,50.0,19.0,28.6,47.1,53,False,False,True,True
2008,Madrid,SF,Murray,26.5,40.8,53.5,56.8,35.3,33.3,48.5,46.4,51.5,60.6,75.0,12.9,25.8,48.1,-32,True,False,False,False
2008,US Open,F,Murray,28.4,34.6,51.7,65.5,36.0,38.3,46.8,51.5,45.5,36.0,50.0,14.7,17.6,37.9,-79,False,False,True,True
2008,US Open,SF,Djokovic,34.4,46.4,55.6,55.8,39.8,46.3,60.0,54.6,45.2,36.8,100.0,13.6,22.7,55.3,-45,False,False,True,True
2008,US Open,QF,Muller,33.0,48.5,66.7,72.7,40.1,47.6,65.1,59.2,57.7,43.2,100.0,10.0,22.5,61.1,-79,False,False,True,True
2008,Beijing Olympics,R32,Arevalo,31.9,48.9,68.8,60.0,37.4,44.4,59.3,54.1,36.4,25.0,0.0,15.0,35.0,76.5,-79,False,False,True,True
2008,Wimbledon,F,Nadal,34.4,51.8,50.8,52.1,41.5,43.0,60.2,53.9,50.8,58.0,80.0,18.5,36.9,49.1,-34,False,True,False,False
2008,Wimbledon,R16,Hewitt,46.9,56.1,51.0,57.1,50.7,65.0,73.3,71.2,34.5,35.5,20.0,20.0,31.4,46.4,40,False,True,False,True
2008,Wimbledon,R32,Gicquel,41.2,58.8,61.5,65.2,48.7,53.1,71.4,63.5,33.3,32.0,100.0,11.1,27.8,56.3,-2,False,True,False,True
2008,Halle,F,Kohlschreiber,47.1,60.8,63.0,68.8,53.3,52.9,64.7,62.4,40.0,42.1,100.0,35.3,52.9,54.5,-79,False,True,False,True
2008,Roland Garros,F,Nadal,10.4,15.6,33.3,40.0,18.6,15.1,20.8,27.0,45.5,38.7,37.5,0.0,4.2,20.8,-118,True,False,False,False
2008,Roland Garros,SF,Monfils,22.8,38.2,53.8,58.3,32.5,26.5,44.9,40.0,54.9,61.7,50.0,13.2,23.7,45.5,-40,True,False,False,True
2008,Roland Garros,R32,Ancic,35.2,53.5,66.7,67.9,43.8,37.8,62.2,51.3,48.0,55.0,0.0,36.4,45.5,64.3,-13,True,False,False,True
2008,Hamburg,F,Nadal,17.8,33.1,44.3,54.7,27.5,26.4,41.7,42.4,39.4,48.7,33.3,4.3,19.6,31.8,-79,True,False,False,False
2008,Hamburg,SF,Seppi,17.4,43.5,65.8,77.8,31.1,21.7,60.9,49.1,28.6,62.5,100.0,13.0,26.1,55.0,-79,True,False,False,True
2008,Monte Carlo,F,Nadal,20.0,26.7,35.0,41.9,27.3,31.1,42.2,43.3,56.5,45.5,0.0,3.3,3.3,27.6,-81,True,False,False,False
2008,Monte Carlo,SF,Djokovic,21.4,38.1,57.6,73.3,31.4,28.6,57.1,48.6,60.0,54.5,0.0,14.3,19.0,44.4,-79,True,False,False,True
2008,Monte Carlo,R32,Ramirez,25.0,29.3,53.0,53.8,33.2,32.8,37.9,45.7,32.1,46.7,66.7,12.9,16.1,51.9,11,True,False,False,True
2008,Estoril,F,Davydenko,15.5,22.4,56.3,61.5,22.1,25.7,37.1,36.6,62.5,36.8,0.0,0.0,0.0,50.0,-118,True,False,False,True
2008,Estoril,SF,Gremelmayr,37.0,50.7,48.9,53.1,45.6,38.5,55.8,50.6,44.0,51.9,0.0,35.0,40.0,38.5,-79,True,False,False,True
2008,Indian Wells,SF,Fish,24.5,34.0,42.5,42.9,29.4,25.0,39.3,34.3,42.9,28.6,66.7,24.0,28.0,42.1,-79,False,False,True,False
2008,Dubai,R32,Murray,28.4,46.6,60.0,65.0,39.8,31.0,55.2,48.3,58.3,52.9,100.0,25.9,33.3,50.0,25,False,False,True,False
2008,Australian Open,SF,Djokovic,29.5,39.0,44.8,47.1,35.0,45.2,58.1,54.5,48.3,48.5,50.0,8.3,13.9,42.4,-31,False,False,True,False
2008,Australian Open,QF,Blake,40.6,56.3,49.1,52.9,48.1,47.7,66.2,58.8,53.3,54.3,0.0,25.8,35.5,43.5,-79,False,False,True,True
2007,Masters Cup,F,Ferrer,37.0,45.2,61.4,68.0,43.6,47.9,60.4,57.9,40.0,50.0,0.0,17.4,17.4,52.6,42,False,False,True,True
2007,Masters Cup,SF,Nadal,45.8,60.4,57.7,63.2,56.0,51.3,64.1,63.8,40.0,47.4,100.0,22.2,44.4,42.9,-79,False,False,True,True
2007,Basel,F,Nieminen,32.1,44.6,60.5,66.7,37.7,41.9,58.1,51.9,42.9,70.6,0.0,20.0,28.0,55.0,-79,False,False,True,True
2007,Basel,R16,del,41.2,47.1,55.2,58.8,47.6,50.0,58.8,59.7,68.4,46.7,0.0,25.0,25.0,50.0,10,False,False,True,True
2007,Madrid,F,Nalbandian,32.1,43.2,46.3,57.1,37.7,41.7,60.4,51.0,40.9,53.8,66.7,18.8,18.8,34.6,-33,True,False,False,False
2007,US Open,F,Djokovic,34.0,46.2,63.1,61.8,39.5,46.0,57.1,55.4,56.7,27.3,33.3,18.4,34.2,64.5,65,False,False,True,True
2007,US Open,SF,Davydenko,25.9,38.9,44.2,38.2,31.8,43.3,58.3,53.8,48.4,44.8,33.3,4.4,15.6,48.8,-72,False,False,True,True
2007,Cincinnati,F,Blake,39.4,47.0,47.4,63.2,45.2,53.7,63.4,62.9,17.4,50.0,100.0,17.4,21.7,31.6,42,False,False,True,True
2007,Cincinnati,SF,Hewitt,38.4,50.0,49.3,50.0,45.1,42.9,55.7,53.6,29.7,51.5,50.0,32.5,42.5,48.1,-7,False,False,True,True
2007,Canada,F,Djokovic,33.7,43.6,50.0,58.3,40.5,47.1,60.3,57.2,34.5,56.4,0.0,6.3,9.4,40.0,-51,False,False,True,False
2007,Canada,SF,Stepanek,46.0,55.6,52.9,66.7,49.5,60.5,65.8,66.3,23.1,48.0,100.0,24.0,40.0,42.1,-79,False,False,True,True
2007,Wimbledon,F,Nadal,37.2,48.7,51.6,49.2,43.3,43.2,54.1,51.9,47.9,52.4,57.1,23.8,38.1,56.3,22,False,True,False,True
2007,Wimbledon,SF,Gasquet,41.1,57.8,56.6,53.3,47.9,53.1,70.3,62.7,45.2,57.6,100.0,11.5,26.9,60.9,-79,False,True,False,True
2007,Wimbledon,QF,Ferrero,37.2,54.9,54.3,62.9,43.9,47.8,68.7,59.1,37.9,39.5,100.0,22.2,35.6,45.7,-46,False,True,False,True
2007,Wimbledon,R64,del,28.0,41.3,64.1,70.8,37.2,42.9,64.3,59.3,52.6,56.5,0.0,16.7,22.2,53.3,1,False,True,False,True
2007,Roland Garros,F,Nadal,24.6,39.0,50.0,49.0,30.3,34.7,49.3,43.6,42.1,54.1,0.0,7.1,21.4,51.3,-44,True,False,False,False
2007,Roland Garros,SF,Davydenko,26.8,45.7,51.0,63.8,36.3,36.5,62.2,54.2,35.1,56.8,63.6,16.4,27.9,39.2,-8,True,False,False,True
2007,Roland Garros,QF,Robredo,31.0,42.5,56.7,71.4,41.1,45.1,60.8,62.4,50.0,65.5,100.0,11.1,16.7,43.8,-79,True,False,False,True
2007,Hamburg,F,Nadal,21.9,34.2,52.6,65.4,29.2,29.7,48.6,44.1,38.9,42.1,50.0,13.9,19.4,41.9,-79,True,False,False,True
2007,Hamburg,SF,Moya,17.9,34.9,54.8,53.6,28.9,16.4,40.3,33.7,41.4,50.0,25.0,22.2,27.8,57.1,37,True,False,False,True
2007,Rome,R16,Volandri,25.9,27.8,38.9,41.7,29.3,50.0,50.0,57.5,60.0,42.9,0.0,7.7,11.5,37.5,-45,True,False,False,False
2007,Monte Carlo,F,Nadal,19.7,36.4,53.1,60.0,29.2,28.6,54.3,46.6,52.9,44.4,33.3,11.1,18.5,45.8,-12,True,False,False,False
2007,Monte Carlo,SF,Ferrero,16.9,38.5,60.4,63.0,26.5,28.9,55.3,45.3,66.7,50.0,100.0,0.0,15.4,57.7,-118,True,False,False,True
2007,Miami,R16,Canas,24.7,41.2,58.3,58.3,33.2,33.3,48.1,48.5,56.5,48.4,0.0,14.3,33.3,58.3,-44,False,False,True,False
2007,Dubai,QF,Djokovic,26.0,44.0,57.5,62.5,38.2,33.3,60.0,53.7,51.9,51.5,66.7,15.4,20.5,51.5,-41,False,False,True,True
2007,Australian Open,F,Gonzalez,26.7,46.5,74.2,73.5,36.4,32.0,58.0,48.6,47.8,55.6,100.0,20.0,31.4,75.0,-37,False,False,True,True
2007,Australian Open,SF,Roddick,28.6,44.4,67.4,64.7,35.1,48.5,69.7,60.9,64.3,36.8,100.0,7.1,17.9,69.2,-45,False,False,True,True
2007,Australian Open,QF,Robredo,22.3,38.3,58.3,56.1,32.8,31.7,48.3,48.0,48.1,57.6,66.7,6.1,21.2,61.3,-53,False,False,True,True
2007,Australian Open,R16,Djokovic,35.0,48.8,62.7,58.6,42.5,46.3,57.4,57.4,60.9,41.9,0.0,12.0,32.0,68.2,-21,False,False,True,True
2006,Masters Cup,F,Blake,37.2,50.0,50.9,48.4,43.8,47.5,62.7,57.1,44.8,63.3,25.0,15.4,23.1,54.5,-23,False,False,True,True
2006,Masters Cup,RR,Roddick,24.3,39.3,63.6,68.2,33.2,31.3,51.6,46.1,37.0,45.9,0.0,15.4,23.1,57.6,35,False,False,True,True
2006,Basel,F,Gonzalez,47.7,61.6,64.3,67.7,56.2,50.8,68.3,62.4,46.2,43.2,0.0,45.0,50.0,54.5,-7,False,False,True,True
2006,Madrid,F,Gonzalez,38.3,50.6,60.4,55.0,43.7,55.6,64.4,65.3,26.3,57.7,100.0,17.6,35.3,64.3,5,True,False,False,True
2006,Madrid,R32,Massu,22.3,32.1,62.2,60.0,29.1,34.4,47.5,46.9,18.5,41.2,20.0,10.5,18.4,64.7,-11,True,False,False,True
2006,Davis Cup,RR,Djokovic,37.0,49.4,51.0,46.4,43.7,50.0,60.7,59.6,39.3,60.7,0.0,8.7,26.1,57.1,-26,False,False,True,True
2006,US Open,F,Roddick,27.2,45.6,60.0,74.4,37.5,38.1,60.3,54.9,56.7,54.5,100.0,10.0,22.5,44.4,-79,False,False,True,True
2006,US Open,QF,Blake,35.8,50.4,48.2,63.3,44.1,41.0,62.7,54.7,48.5,58.0,40.0,30.6,34.7,26.5,35,False,False,True,True
2006,US Open,R16,Gicquel,41.5,51.1,60.4,51.9,46.1,55.0,63.3,62.2,46.4,59.4,0.0,18.8,31.3,69.2,10,False,False,True,True
2006,US Open,R128,Wang,32.8,46.9,54.1,80.0,44.7,42.9,65.7,64.6,52.9,72.2,100.0,26.1,30.4,23.5,-16,False,False,True,True
2006,Cincinnati,R32,Murray,17.1,27.6,40.7,41.9,22.5,26.2,42.9,36.0,57.1,52.4,50.0,6.7,10.0,39.3,-51,False,False,True,False
2006,Canada,F,Gasquet,19.3,34.1,56.7,63.9,27.2,28.0,46.0,41.8,65.2,55.6,66.7,8.8,20.6,48.4,-31,False,False,True,True
2006,Canada,SF,Gonzalez,21.0,39.5,65.6,66.7,33.7,22.2,42.6,41.3,30.4,64.5,100.0,20.8,37.5,63.2,86,False,False,True,True
2006,Wimbledon,F,Nadal,39.5,52.9,52.1,54.8,48.0,48.8,64.6,61.1,61.8,50.0,0.0,19.4,27.8,48.3,-38,False,True,False,True
2006,Wimbledon,QF,Ancic,35.6,50.6,58.2,57.7,43.3,48.0,70.0,61.4,39.1,55.6,0.0,19.4,25.0,58.6,-38,False,True,False,True
2006,Roland Garros,F,Nadal,21.0,29.4,52.7,53.7,27.6,26.0,34.2,36.7,75.0,48.8,50.0,13.3,22.2,51.3,-46,True,False,False,False
2006,Roland Garros,SF,Nalbandian,15.3,34.7,60.0,74.3,28.7,14.6,41.5,38.3,50.0,65.2,100.0,16.7,26.7,40.0,-30,True,False,False,True
2006,Roland Garros,QF,Ancic,23.9,41.3,59.7,54.1,32.3,31.5,55.6,45.7,33.3,63.3,57.1,16.7,26.7,68.0,-79,True,False,False,True
2006,Roland Garros,R128,Hartfield,14.6,24.3,60.3,63.0,21.8,22.0,37.3,34.7,37.5,45.7,0.0,6.9,10.3,55.6,-47,True,False,False,True
2006,Rome,F,Nadal,17.2,35.6,60.4,70.1,27.1,21.6,45.0,37.7,48.9,39.1,25.0,10.1,20.3,46.8,-79,True,False,False,False
2006,Rome,SF,Nalbandian,25.6,36.8,42.4,48.5,32.2,41.1,53.6,54.8,26.1,54.5,50.0,11.9,22.0,38.5,-29,True,False,False,True
2006,Rome,QF,Almagro,27.0,40.5,54.4,52.4,33.7,39.1,53.6,49.9,36.0,77.3,40.0,7.5,20.0,56.8,-39,True,False,False,True
2006,Monte Carlo,F,Nadal,14.0,30.1,51.7,57.5,25.9,13.1,38.1,33.5,50.0,56.5,50.0,15.8,19.3,41.7,-3,True,False,False,False
2006,Monte Carlo,SF,Gonzalez,25.0,50.0,66.7,70.4,37.9,25.0,55.6,43.6,33.3,66.7,100.0,25.0,37.5,58.3,-79,True,False,False,True
2006,Monte Carlo,R16,Balleret,38.6,50.0,74.1,71.4,42.5,53.3,56.7,59.0,33.3,46.7,50.0,7.1,35.7,76.9,-79,True,False,False,True
2006,Monte Carlo,R64,Djokovic,31.0,40.8,53.1,50.0,38.0,44.4,55.6,58.3,52.9,57.9,100.0,17.1,25.7,55.2,-79,True,False,False,True
2006,Miami,F,Ljubicic,30.6,40.3,59.0,60.0,36.2,35.9,47.4,44.7,47.1,52.3,33.3,23.3,30.2,57.6,20,False,False,True,True
2006,Miami,SF,Ferrer,26.9,44.2,62.2,66.7,39.0,31.4,57.1,49.4,46.2,63.6,100.0,18.8,18.8,53.8,10,False,False,True,True
2006,Indian Wells,F,Blake,32.9,53.2,55.8,66.7,42.0,41.3,67.4,57.0,42.9,72.0,100.0,21.9,34.4,44.0,-33,False,False,True,True
2006,Dubai,QF,Vik,42.9,46.4,46.7,55.0,51.1,48.7,53.8,60.5,52.4,55.6,33.3,33.3,33.3,30.0,16,False,False,True,True
2006,Australian Open,F,Baghdatis,22.2,34.0,53.8,59.3,31.0,30.8,46.2,46.9,32.4,53.7,0.0,13.3,21.7,48.1,15,False,False,True,True
2006,Australian Open,SF,Kiefer,28.3,50.0,62.0,60.0,39.5,27.5,55.1,44.8,35.7,53.7,100.0,34.4,46.9,66.7,126,False,False,True,True
2006,Australian Open,QF,Davydenko,27.3,40.3,53.5,60.7,35.0,34.1,49.4,46.7,50.0,60.0,0.0,16.7,25.9,44.4,-79,False,False,True,True
2006,Australian Open,R16,Haas,19.7,39.4,60.0,71.2,31.3,23.4,50.6,43.2,32.4,65.1,50.0,14.8,24.1,45.7,-52,False,False,True,True
2006,Australian Open,R128,Istomin,38.8,46.3,57.5,71.4,46.3,37.8,46.7,48.9,40.0,52.0,0.0,42.9,47.6,25.0,-79,False,False,True,True
2006,Doha,F,Monfils,30.4,40.6,52.1,47.8,36.8,42.5,52.5,53.5,40.0,60.0,50.0,13.8,24.1,56.0,-79,False,False,True,True
2005,Masters Cup,F,Nalbandian,22.9,36.7,43.8,53.2,31.6,30.1,49.6,44.6,36.7,60.9,50.0,13.4,19.4,31.0,14,False,False,True,False
2005,Masters Cup,RR,Coria,26.6,42.2,46.7,51.6,36.4,32.6,52.2,46.3,52.2,39.1,50.0,12.5,18.8,35.7,4,False,False,True,True
2005,Bangkok,F,Murray,22.4,34.3,64.0,61.5,30.6,27.8,41.7,43.1,31.6,76.5,100.0,17.2,27.6,66.7,19,False,False,True,True
2005,Bangkok,R32,Daniel,32.8,46.9,58.8,65.0,39.4,44.4,61.1,56.1,37.5,55.0,100.0,26.3,42.1,50.0,-3,False,False,True,True
2005,Davis Cup,RR,Mackin,40.7,57.6,57.6,66.7,50.3,52.6,76.3,67.6,38.9,35.0,0.0,21.1,26.3,46.7,65,False,False,True,True
2005,US Open,F,Agassi,40.2,53.3,50.0,50.0,45.6,48.1,58.0,55.3,34.3,54.3,50.0,15.4,38.5,50.0,-79,False,False,True,True
2005,US Open,SF,Hewitt,26.7,46.0,51.9,54.0,35.2,30.8,54.9,44.8,63.4,50.0,28.6,21.1,33.3,48.9,-28,False,False,True,True
2005,US Open,QF,Nalbandian,37.8,50.0,50.0,58.8,42.2,56.4,66.7,64.6,63.2,65.0,50.0,18.2,33.3,44.4,-79,False,False,True,True
2005,Cincinnati,F,Roddick,42.0,52.0,60.7,75.0,48.6,50.0,59.4,60.3,56.3,37.5,0.0,29.4,41.2,41.7,5,False,False,True,True
2005,Cincinnati,SF,Ginepri,41.6,58.4,65.9,66.7,47.0,56.3,68.8,65.0,46.2,54.5,0.0,17.9,42.9,65.2,-27,False,False,True,True
2005,Wimbledon,F,Roddick,34.2,53.2,67.3,67.9,44.4,42.9,61.2,59.4,44.0,45.8,0.0,20.0,40.0,66.7,-79,False,True,False,True
2005,Wimbledon,QF,Gonzalez,34.8,56.2,62.1,57.1,43.0,47.2,67.9,60.9,45.5,38.7,100.0,16.7,38.9,66.7,-79,False,True,False,True
2005,Wimbledon,R16,Ferrero,37.3,51.0,54.0,62.9,46.8,47.0,63.6,61.7,56.0,53.7,50.0,20.0,28.6,42.9,-37,False,True,False,True
2005,Wimbledon,R64,Minar,47.2,63.9,64.9,68.0,57.6,53.7,70.4,67.6,40.0,51.7,0.0,29.4,47.1,58.3,5,False,True,False,True
2005,Halle,F,Safin,41.2,51.5,57.1,44.4,45.6,54.2,64.4,61.4,58.1,50.0,0.0,21.6,32.4,69.0,-39,False,True,False,True
2005,Roland Garros,SF,Nadal,15.3,33.1,48.4,53.4,25.4,20.5,45.2,37.0,51.5,62.5,66.7,7.5,15.0,40.5,-45,True,False,False,False
2005,Hamburg,F,Gasquet,28.8,48.6,66.7,61.9,38.8,36.4,59.1,53.2,57.1,60.5,66.7,19.5,36.6,72.7,56,True,False,False,True
2005,Hamburg,SF,Davydenko,25.8,48.4,56.5,53.8,36.6,31.6,60.5,49.2,55.6,50.0,33.3,16.7,29.2,60.0,-79,True,False,False,True
2005,Monte Carlo,QF,Gasquet,19.6,33.9,47.2,51.9,29.4,25.7,41.4,41.3,37.5,63.2,66.7,9.8,22.0,40.5,-43,True,False,False,False
2005,Miami,F,Nadal,20.5,35.8,59.5,66.7,31.5,23.3,46.7,41.7,71.1,61.5,25.0,19.2,23.1,47.6,62,False,False,True,True
2005,Miami,SF,Agassi,36.4,43.9,57.5,56.0,43.0,40.5,50.0,51.0,33.3,50.0,33.3,31.8,36.4,60.0,47,False,False,True,True
2005,Indian Wells,F,Hewitt,39.3,51.2,56.3,60.9,44.8,52.1,68.8,61.7,34.8,52.0,50.0,24.2,30.3,52.0,47,False,False,True,True
2005,Indian Wells,SF,Canas,26.8,39.3,51.3,42.9,32.7,38.2,47.1,47.9,42.9,50.0,0.0,10.0,30.0,61.1,-18,False,False,True,True
2005,Dubai,F,Ljubicic,35.3,48.0,50.0,45.9,40.0,42.2,51.6,49.7,36.0,59.0,33.3,25.0,44.4,55.6,1,False,False,True,True
2005,Dubai,SF,Agassi,43.1,54.9,53.8,46.7,49.4,54.5,66.7,64.2,46.7,38.9,50.0,26.7,40.0,63.6,126,False,False,True,True
2005,Rotterdam,F,Ljubicic,36.1,54.6,66.7,71.4,46.9,48.5,70.6,64.0,55.2,64.1,50.0,7.4,18.5,60.0,-42,False,False,True,True
2005,Australian Open,SF,Safin,33.0,50.5,56.8,67.8,41.3,44.9,67.3,59.4,47.2,57.4,75.0,19.2,31.5,45.8,70,False,False,True,False
2005,Australian Open,QF,Agassi,46.5,59.6,51.0,44.4,51.4,59.1,66.7,66.5,50.0,63.9,50.0,24.1,51.7,59.1,105,False,False,True,True
2005,Australian Open,R128,Santoro,20.0,35.0,66.7,72.0,31.0,30.6,47.2,48.9,80.0,47.6,100.0,6.7,26.7,57.1,-49,False,False,True,True
2005,Doha,F,Ljubicic,36.4,47.7,60.7,65.0,43.4,35.5,51.6,45.5,41.7,47.4,0.0,38.5,38.5,50.0,-79,False,False,True,True
2004,Masters Cup,SF,Safin,29.6,37.0,59.6,64.5,37.2,38.0,48.0,50.2,45.0,60.0,100.0,16.1,19.4,53.8,-79,False,False,True,True
2004,Masters Cup,RR,Hewitt,30.2,39.7,59.1,50.0,36.2,43.6,53.8,53.3,36.4,41.2,50.0,8.3,16.7,68.2,-79,False,False,True,True
2004,Bangkok,F,Roddick,34.6,50.0,55.2,50.0,40.6,44.8,62.1,55.5,33.3,47.1,100.0,27.8,44.4,61.5,72,False,False,True,True
2004,Bangkok,R16,Heuberger,37.0,45.7,60.0,66.7,41.5,47.8,60.9,57.0,40.0,46.2,50.0,31.6,36.8,53.8,-3,False,False,True,True
2004,Bangkok,R32,Thomann,42.0,52.2,54.5,63.2,46.7,54.8,64.3,62.4,41.2,44.0,0.0,30.0,45.0,42.9,59,False,False,True,True
2004,US Open,F,Hewitt,27.0,34.8,56.3,59.3,33.7,44.9,57.1,57.1,66.7,50.0,50.0,5.1,7.7,54.1,-63,False,False,True,True
2004,US Open,SF,Henman,38.1,50.0,56.0,55.2,41.3,45.3,50.9,50.4,62.5,62.1,0.0,27.6,51.7,57.1,19,False,False,True,True
2004,US Open,QF,Agassi,35.4,46.8,49.5,51.9,42.4,46.0,62.0,57.0,50.0,57.1,33.3,20.4,24.5,46.2,72,False,False,True,True
2004,Canada,F,Roddick,36.9,43.1,57.5,41.2,40.2,55.3,63.2,60.8,60.0,55.6,66.7,11.5,15.4,69.6,-23,False,False,True,True
2004,Canada,SF,Johansson,50.6,61.0,48.6,55.6,54.7,60.9,71.7,67.6,57.9,40.7,0.0,36.7,46.7,42.1,-30,False,False,True,True
2004,Gstaad,F,Andreev,32.7,48.5,60.3,57.1,38.3,47.2,64.2,57.9,65.2,46.7,0.0,16.7,31.3,62.5,-79,True,False,False,True
2004,Gstaad,QF,Stepanek,27.8,47.8,54.1,64.5,37.1,39.2,62.7,55.7,57.1,43.5,66.7,14.3,31.4,43.3,23,True,False,False,True
2004,Wimbledon,F,Roddick,29.9,46.1,49.5,50.8,36.8,36.5,51.0,47.5,50.0,68.8,66.7,20.0,40.0,47.7,-1,False,True,False,True
2004,Wimbledon,SF,Grosjean,27.5,41.8,57.1,61.8,34.1,34.6,46.2,46.2,38.1,38.7,0.0,19.4,38.9,51.7,37,False,True,False,True
2004,Wimbledon,QF,Hewitt,35.2,40.0,45.7,44.7,39.7,47.9,53.4,55.6,44.7,45.7,66.7,17.3,21.2,46.5,-79,False,True,False,True
2004,Wimbledon,R16,Karlovic,42.7,57.3,69.8,65.8,50.4,47.2,61.1,57.5,39.3,52.3,100.0,31.8,50.0,80.0,-13,False,True,False,True
2004,Roland Garros,R32,Kuerten,29.5,36.8,46.2,50.0,33.9,42.4,52.5,49.5,54.2,62.9,100.0,8.8,11.8,41.9,-26,True,False,False,False
2004,Hamburg,F,Coria,26.4,38.7,57.6,58.1,32.8,42.6,61.1,55.2,54.5,53.1,0.0,12.5,20.0,57.1,-79,True,False,False,True
2004,Miami,R32,Nadal,28.6,41.1,47.4,38.1,31.3,36.4,45.5,40.9,61.5,45.0,75.0,19.0,38.1,58.8,53,False,False,True,False
2004,Indian Wells,SF,Agassi,40.0,56.5,63.0,64.0,46.0,49.0,67.3,59.4,34.8,53.8,50.0,32.3,48.4,61.9,131,False,False,True,True
2004,Australian Open,SF,Ferrero,37.3,53.0,56.9,68.8,46.7,46.7,66.7,59.7,56.0,48.6,100.0,13.6,18.2,36.8,-13,False,False,True,True
2004,Australian Open,QF,Nalbandian,38.6,52.8,48.0,59.4,44.7,57.9,73.7,68.2,59.5,56.4,50.0,10.4,22.9,39.5,-10,False,False,True,True
2004,Australian Open,R16,Hewitt,31.6,45.3,53.9,56.1,40.7,40.6,60.9,55.9,60.0,56.4,75.0,20.5,25.0,51.4,47,False,False,True,True
2003,Masters Cup,RR,Agassi,31.5,45.2,43.0,56.8,37.8,43.1,60.0,55.2,50.0,51.5,50.0,20.8,32.1,31.0,75,False,False,True,True
2003,Masters Cup,RR,Ferrero,42.9,46.9,55.6,53.8,47.3,53.6,60.7,61.4,58.3,50.0,33.3,30.0,30.0,57.1,-7,False,False,True,True
2003,Paris,QF,Henman,25.9,48.1,50.0,52.9,33.5,43.3,66.7,57.0,75.0,50.0,0.0,4.5,27.3,47.6,-72,False,False,True,False
2003,Madrid,SF,Ferrero,32.6,50.0,61.5,63.3,41.9,44.4,63.0,59.3,33.3,37.0,0.0,15.4,34.6,59.1,19,True,False,False,False
2003,Madrid,QF,Lopez,32.7,51.0,56.5,66.7,40.5,47.1,72.5,62.2,65.2,57.1,0.0,18.6,30.2,48.6,50,True,False,False,True
2003,Davis Cup,RR,Hewitt,27.0,38.4,50.0,54.4,33.1,39.4,52.1,49.6,44.0,63.6,66.7,10.2,20.3,45.3,-16,False,False,True,False
2003,US Open,R16,Nalbandian,30.1,37.8,38.5,43.5,35.7,41.8,53.2,52.0,48.8,42.1,37.5,16.7,20.0,34.0,16,False,False,True,False
2003,US Open,R64,Lisnard,42.6,60.7,60.6,64.7,50.3,57.5,75.0,69.3,27.8,45.5,0.0,15.8,36.8,56.3,39,False,False,True,True
2003,Canada,SF,Roddick,27.0,40.0,61.9,75.8,37.4,40.0,58.2,58.9,60.0,57.1,20.0,14.3,22.9,46.7,4,False,False,True,False
2003,Gstaad,F,Novak,27.7,45.3,50.0,52.9,34.9,38.6,61.4,51.4,41.2,59.2,66.7,16.7,29.6,46.7,34,True,False,False,False
2003,Gstaad,R32,Lopez,35.2,56.8,66.0,63.6,42.3,54.2,75.0,67.1,52.6,41.4,66.7,13.9,38.9,67.7,23,True,False,False,True
2003,Wimbledon,SF,Roddick,40.5,58.3,66.0,59.1,46.7,56.9,72.5,67.1,52.4,46.7,100.0,15.2,36.4,71.4,-79,False,True,False,True
2003,Wimbledon,QF,Schalken,47.8,62.0,48.8,53.8,54.5,58.1,75.8,67.9,50.0,59.4,50.0,32.0,40.0,41.2,173,False,True,False,True
2003,Rome,F,Mantilla,18.3,37.5,53.8,57.9,24.8,25.5,45.1,38.8,36.0,65.4,100.0,13.0,34.8,50.0,6,True,False,False,False
2003,Rome,SF,Ferrero,42.5,57.5,63.6,77.8,50.8,43.8,62.5,64.4,0.0,63.6,100.0,43.5,56.5,53.8,-16,True,False,False,True
2003,Munich,F,Nieminen,24.0,40.0,56.8,61.1,33.8,37.9,55.2,54.8,35.7,46.7,0.0,5.0,20.0,52.6,-66,True,False,False,True
2003,Munich,SF,Koubek,31.5,40.7,51.6,44.4,36.3,45.5,57.6,53.3,53.8,50.0,75.0,13.3,20.0,61.5,16,True,False,False,True
2003,Marseille,F,Bjorkman,33.3,46.0,60.0,75.0,43.0,41.5,53.7,56.3,47.4,45.5,0.0,20.0,35.0,37.5,59,False,False,True,True
2003,Australian Open,R16,Nalbandian,25.7,35.8,45.5,57.4,31.4,39.7,53.8,50.6,50.0,59.1,62.5,11.5,18.0,35.2,-8,False,False,True,False
2003,Australian Open,R128,Saretta,27.0,35.2,48.0,50.0,32.6,34.4,50.0,45.0,40.7,56.8,60.0,25.0,25.0,45.5,119,False,False,True,True
2003,Doha,R32,Stoliarov,30.8,42.1,58.0,68.3,39.4,37.9,53.0,51.8,28.6,55.3,75.0,22.2,27.8,42.9,96,False,False,True,True
2002,Masters Cup,SF,Hewitt,18.4,35.1,50.0,56.3,26.8,22.6,43.5,37.9,43.3,53.1,50.0,14.9,27.7,42.5,30,False,False,True,False
2002,Paris,QF,Hewitt,27.9,42.6,43.8,50.0,35.6,40.0,60.0,53.0,50.0,65.0,100.0,11.1,18.5,37.5,-25,False,False,True,False
2002,Basel,R16,Waske,46.7,58.3,71.0,78.9,56.5,52.5,70.0,67.3,35.3,69.6,100.0,36.8,36.8,58.3,-3,False,False,True,True
2002,Vienna,F,Novak,25.9,40.5,54.2,52.2,32.6,32.4,50.0,43.8,44.4,65.6,40.0,17.8,28.9,56.8,16,False,False,True,True
2002,Vienna,R32,Krajan,36.4,54.5,57.1,59.1,44.9,43.6,61.5,55.6,30.0,52.6,50.0,18.8,37.5,53.8,-79,False,False,True,True
2002,US Open,R128,Vanek,38.1,52.4,55.2,56.3,46.2,45.8,64.4,60.2,48.3,63.3,100.0,33.3,43.6,53.8,151,False,False,True,True
2002,Hamburg,F,Safin,22.2,33.3,50.8,59.3,29.5,38.6,54.5,52.0,45.5,59.1,33.3,2.9,8.6,44.1,-88,True,False,False,True
2002,Hamburg,SF,Mirnyi,39.0,49.2,51.4,66.7,48.1,38.5,53.8,52.3,33.3,66.7,100.0,42.1,42.1,18.2,-3,True,False,False,True
2002,Miami,F,Agassi,33.9,42.0,45.1,41.9,38.8,37.7,46.4,45.5,53.3,48.7,57.1,30.0,37.5,50.0,27,False,False,True,False
2002,Miami,SF,Hewitt,28.8,44.1,64.3,70.0,35.1,35.5,51.6,47.4,43.8,60.0,100.0,21.4,35.7,59.1,-79,False,False,True,True
2002,Dubai,R32,Voinea,34.5,41.4,41.7,41.2,40.0,51.4,62.9,60.6,47.1,38.9,33.3,22.2,22.2,42.9,82,False,False,True,True
2002,Milan,F,Sanguinetti,27.2,40.4,47.9,51.2,33.6,36.9,53.8,48.2,70.3,50.0,0.0,17.9,28.2,43.8,61,True,False,False,False
2002,Australian Open,R16,Haas,33.7,39.4,50.0,53.3,38.5,43.9,49.5,51.8,62.0,56.1,50.0,19.4,25.8,46.0,55,False,False,True,False
2001,Basel,F,Henman,25.3,35.2,47.0,61.8,31.9,29.2,41.7,41.7,54.5,61.5,50.0,22.0,29.3,31.3,-9,False,False,True,False
2001,US Open,R16,Agassi,28.8,39.0,37.5,36.8,34.2,34.5,48.3,45.5,50.0,61.5,100.0,25.0,32.1,38.1,22,False,False,True,False
2001,US Open,R64,Ginepri,46.3,51.2,47.4,50.0,52.4,60.8,68.6,70.6,39.1,57.1,33.3,28.0,28.0,44.4,33,False,False,True,True
2001,Wimbledon,QF,Henman,34.7,48.7,47.9,56.9,42.1,44.0,59.3,56.3,45.7,50.0,40.0,21.1,33.3,37.8,-28,False,True,False,False
2001,Wimbledon,R16,Sampras,49.2,58.6,45.3,53.5,53.5,61.9,72.6,68.8,40.7,52.5,37.5,30.6,38.7,37.2,55,False,True,False,True
2001,s Hertogenbosch,SF,Hewitt,6.4,21.3,29.2,33.3,12.8,14.3,42.9,28.6,36.4,70.0,66.7,0.0,16.7,16.7,-118,False,True,False,False
2001,Halle,R16,Prinosil,42.9,61.4,63.2,68.0,51.9,45.7,65.2,59.3,23.8,40.0,100.0,40.9,59.1,53.8,47,False,True,False,True
2001,Roland Garros,QF,Corretja,12.5,27.9,51.8,55.2,23.3,13.4,34.3,30.1,18.8,71.4,100.0,12.9,19.4,44.4,4,True,False,False,False
2001,Roland Garros,R16,Arthurs,22.6,35.8,65.5,70.0,30.2,34.8,56.5,52.2,45.0,46.2,0.0,22.2,33.3,60.7,1,True,False,False,True
2001,Rome,R32,Safin,22.6,31.4,52.0,56.6,27.2,32.1,43.6,40.1,37.1,58.1,62.5,11.3,17.0,46.8,-6,True,False,False,True
2001,Monte Carlo,R64,Chang,14.1,29.5,50.8,58.5,25.1,18.0,38.0,35.2,44.4,52.2,33.3,7.7,15.4,37.5,-39,True,False,False,True
2001,Rotterdam,F,Escude,27.5,35.8,50.0,62.1,31.8,47.3,60.0,55.8,43.5,56.3,100.0,8.2,12.2,42.2,-35,False,False,True,False
2001,Milan,F,Boutter,21.2,29.8,50.7,55.6,28.6,26.5,40.8,42.2,41.2,59.4,50.0,22.5,27.5,45.2,27,True,False,False,True
2000,Basel,F,Enqvist,35.0,46.7,48.8,59.1,42.0,42.1,59.2,54.6,47.2,52.5,50.0,28.6,33.9,37.5,45,False,False,True,False
2000,Basel,SF,Hewitt,26.0,32.3,43.8,41.4,29.8,40.8,53.1,48.2,57.1,42.9,50.0,20.8,20.8,47.4,86,False,False,True,True
2000,Sydney Olympics,BR,Di,18.1,24.5,45.7,66.7,22.0,48.3,65.5,61.0,36.4,61.1,100.0,13.0,17.4,30.0,4,False,False,True,False
2000,Sydney Olympics,SF,Haas,20.8,26.4,35.7,35.3,24.9,34.6,42.3,43.1,41.7,57.1,50.0,15.4,23.1,36.4,29,False,False,True,False
2000,US Open,R32,Ferrero,36.6,49.3,50.0,62.5,43.3,54.3,71.4,67.1,40.0,50.0,66.7,20.8,30.2,40.5,84,False,False,True,False
2000,US Open,R64,Nestor,37.5,54.5,61.1,74.1,45.8,50.9,70.9,64.2,45.5,36.4,33.3,15.6,28.1,48.1,-33,False,False,True,True
2000,Wimbledon,R128,Kafelnikov,33.0,37.6,39.0,32.0,35.0,49.0,55.1,53.3,43.5,38.5,0.0,26.1,30.4,44.1,-16,False,True,False,False
2000,Roland Garros,R16,Corretja,23.0,34.1,46.2,55.3,29.3,34.7,50.0,45.7,45.2,56.1,80.0,8.3,14.6,36.4,-37,True,False,False,False
2000,Miami,R128,Gimelstob,34.3,47.8,58.1,53.6,41.3,33.3,50.0,44.5,52.9,56.0,100.0,37.5,45.8,66.7,-19,False,False,True,True
2000,Australian Open,R64,Kroslak,39.6,50.9,48.3,40.0,42.9,44.4,55.6,50.0,50.0,66.7,75.0,35.9,48.7,60.0,62,False,False,True,True
1999,Davis Cup,RR,Malisse,13.9,27.9,49.3,52.9,21.9,14.7,32.4,27.6,37.2,72.9,70.0,14.0,22.8,42.9,22,False,False,True,False
1998,Basel,R32,Agassi,24.5,35.8,36.8,47.6,29.2,32.3,48.4,40.3,71.4,58.8,50.0,15.0,20.0,23.5,32,False,False,True,False
